customer_id,age,tenure_months,orders,avg_order_value,sessions,support_tickets,discount_rate,delivery_delay_days,satisfaction_score,churn,revenue,conversion_rate
10001,22,53,5,1026.6,8,3,0.177,3.6,3.33,0,4224.46,0.0331
10002,55,29,3,798.69,9,2,0.072,2.5,3.95,0,2223.55,0.0421
10003,49,60,6,839.67,12,2,0.55,2.0,3.96,1,2267.11,0.0485
10004,39,46,5,765.54,8,1,0.224,0.0,4.59,0,2970.3,0.067
10005,38,40,2,1005.31,12,1,0.245,4.2,3.11,0,1518.02,0.0356
10006,59,55,6,669.91,13,1,0.295,3.3,3.92,0,2833.72,0.0442
10007,22,31,4,802.22,13,2,0.208,2.4,4.54,1,2541.43,0.0388
10008,51,44,4,261.21,4,2,0.201,0.0,4.82,0,834.83,0.0415
10009,27,18,3,1280.77,14,4,0.311,1.6,3.92,1,2647.35,0.0378
10010,22,58,4,794.88,8,0,0.329,3.1,5.0,0,2133.46,0.0421
10011,43,38,3,963.9,13,0,0.187,2.4,3.91,1,2350.95,0.0444
10012,64,47,6,1214.45,8,1,0.238,2.7,3.97,1,5552.47,0.0479
10013,53,28,2,925.07,7,1,0.132,3.6,3.2,1,1605.92,0.0323
10014,54,53,8,1211.09,14,0,0.166,2.7,3.93,1,8080.39,0.0459
10015,52,5,6,539.57,5,1,0.074,3.5,4.67,1,2997.85,0.0523
10016,55,7,8,1449.34,11,0,0.057,1.0,4.26,1,10933.82,0.0484
10017,42,31,3,1121.78,10,3,0.334,0.3,3.56,1,2241.32,0.0439
10018,24,44,8,902.3,10,1,0.154,3.2,4.32,0,6106.77,0.0579
10019,58,49,5,1206.27,8,1,0.14,3.6,4.03,0,5186.96,0.0433
10020,39,27,5,557.84,5,1,0.153,3.3,4.28,1,2362.45,0.0502
10021,42,39,2,777.85,16,4,0.413,2.6,3.6,0,913.2,0.0247
10022,35,34,6,1211.06,14,0,0.253,1.8,3.82,1,5427.97,0.0373
10023,26,58,5,383.23,5,0,0.266,2.8,4.01,0,1406.45,0.0489
10024,62,40,5,990.11,4,2,0.039,3.0,4.11,1,4757.48,0.0534
10025,55,26,3,983.04,8,1,0.198,3.1,3.91,1,2365.19,0.0395
10026,48,59,3,1342.31,10,1,0.55,6.8,3.45,1,1812.12,0.0436
10027,37,7,3,454.26,9,0,0.019,0.8,4.21,0,1336.89,0.0386
10028,57,60,6,1252.41,8,0,0.393,7.9,3.37,1,4561.28,0.0307
10029,44,10,8,710.13,8,1,0.236,0.3,4.44,1,4340.31,0.0602
10030,39,18,5,738.25,7,1,0.353,3.1,3.62,0,2388.24,0.0468
10031,39,50,7,544.5,6,1,0.187,0.4,4.49,0,3098.75,0.0546
10032,28,45,5,578.04,8,1,0.252,2.9,3.8,1,2161.87,0.0391
10033,22,59,3,950.88,9,0,0.18,4.1,4.14,0,2339.16,0.044
10034,44,45,5,571.92,10,3,0.141,2.5,4.24,0,2456.4,0.0497
10035,60,39,3,1035.07,8,0,0.187,4.1,4.09,0,2524.54,0.0379
10036,21,21,3,684.26,12,0,0.233,1.7,3.56,0,1574.48,0.0446
10037,59,1,3,546.74,6,0,0.078,0.0,4.17,1,1512.28,0.0478
10038,57,8,6,718.05,6,1,0.248,3.5,3.58,1,3239.84,0.044
10039,31,18,5,934.18,7,0,0.182,2.5,3.79,0,3820.8,0.0452
10040,48,3,5,780.66,3,0,0.343,1.6,4.07,1,2564.47,0.0448
10041,25,31,3,858.55,6,0,0.195,1.7,4.71,0,2073.4,0.043
10042,54,47,4,1024.05,3,1,0.5,3.1,4.26,1,2048.1,0.0425
10043,51,58,6,1120.61,11,1,0.131,1.0,4.13,0,5842.86,0.0533
10044,35,30,4,772.48,9,2,0.316,3.0,4.13,1,2113.51,0.0339
10045,21,53,4,588.94,7,0,0.065,4.4,3.96,1,2202.64,0.0469
10046,64,60,10,869.02,12,2,0.039,5.9,3.32,1,8351.28,0.044
10047,39,52,8,967.66,6,0,0.225,4.8,4.25,0,5999.49,0.0429
10048,60,28,2,484.82,10,0,0.044,2.7,3.82,0,926.98,0.0474
10049,50,20,5,627.35,11,0,0.084,2.8,4.12,0,2873.26,0.0479
10050,55,59,4,670.2,14,2,0.35,1.7,3.62,0,1742.52,0.0366
10051,54,15,5,798.04,6,0,0.059,1.6,3.86,1,3754.78,0.0579
10052,27,25,2,659.74,17,0,0.269,3.9,3.29,1,964.54,0.0403
10053,35,5,6,1026.76,12,0,0.11,1.9,3.81,0,5482.9,0.044
10054,40,48,6,448.72,8,1,0.057,3.0,4.0,0,2538.86,0.0464
10055,41,39,6,455.07,11,6,0.2,0.8,3.72,1,2184.34,0.0483
10056,20,6,5,766.53,9,0,0.294,4.7,3.63,1,2705.85,0.0295
10057,44,14,5,806.09,7,0,0.066,1.9,4.12,1,3764.44,0.0514
10058,25,34,4,486.34,7,2,0.273,4.2,4.44,0,1414.28,0.0496
10059,53,33,6,698.31,9,3,0.085,1.2,3.57,0,3833.72,0.0533
10060,50,49,4,749.74,6,0,0.231,1.1,3.84,0,2306.2,0.0473
10061,62,16,5,751.68,9,1,0.266,4.7,3.27,0,2758.67,0.0444
10062,53,56,9,887.97,10,1,0.17,1.3,4.23,0,6633.14,0.0506
10063,35,27,8,684.61,9,0,0.25,0.0,4.83,0,4107.66,0.0733
10064,64,50,4,1219.46,7,1,0.035,0.6,4.67,1,4707.12,0.0485
10065,37,15,5,972.05,12,2,0.039,3.9,4.12,0,4670.7,0.0415
10066,33,3,4,648.22,5,1,0.055,3.7,3.79,1,2450.27,0.0382
10067,61,4,6,873.63,8,0,0.133,1.1,4.22,0,4544.62,0.0496
10068,35,23,4,881.0,9,4,0.39,1.3,4.7,1,2149.64,0.0508
10069,21,58,4,1153.68,9,1,0.183,3.5,2.62,1,3770.23,0.0336
10070,40,3,8,699.9,8,5,0.101,4.6,3.3,1,5033.68,0.0447
10071,56,23,4,1041.83,11,2,0.061,2.3,4.18,1,3913.11,0.0419
10072,27,7,4,860.46,6,2,0.544,3.3,4.65,1,1569.48,0.0486
10073,40,56,4,1222.89,11,2,0.155,3.9,2.95,1,4133.37,0.0297
10074,24,41,12,1172.72,5,0,0.051,6.1,3.31,0,13354.94,0.0498
10075,50,46,1,899.24,11,1,0.137,0.4,3.82,1,776.04,0.0418
10076,40,43,7,784.43,10,1,0.267,1.3,3.46,0,4024.91,0.0501
10077,33,40,8,976.65,10,0,0.249,1.5,4.24,1,5867.71,0.0519
10078,28,47,6,804.89,6,0,0.342,3.8,4.29,0,3177.71,0.0504
10079,45,1,3,1270.08,13,4,0.143,2.0,4.38,0,3265.38,0.0406
10080,50,52,6,869.62,12,0,0.196,2.9,3.84,1,4195.05,0.0478
10081,63,45,6,748.59,8,0,0.245,2.6,4.43,0,3391.11,0.0508
10082,38,45,4,735.1,6,1,0.119,2.4,3.98,0,2590.49,0.0612
10083,25,24,6,546.74,8,3,0.276,2.6,4.08,0,2375.04,0.0423
10084,57,49,3,989.14,10,3,0.093,4.2,4.06,0,2691.45,0.0236
10085,48,23,4,645.0,13,1,0.24,0.8,4.27,1,1960.8,0.0465
10086,51,3,4,1124.54,13,3,0.468,2.1,4.41,0,2393.02,0.0383
10087,22,55,4,526.77,6,2,0.319,0.3,3.8,0,1434.92,0.0442
10088,32,15,8,881.81,10,0,0.205,2.8,4.39,0,5608.31,0.0463
10089,54,7,5,1137.56,8,2,0.14,2.1,4.49,1,4891.51,0.0458
10090,57,38,3,311.94,11,1,0.122,4.2,4.16,1,821.65,0.0338
10091,38,15,7,1354.57,7,1,0.062,2.4,3.53,1,8894.11,0.0541
10092,56,52,4,743.68,9,1,0.211,1.6,4.12,1,2347.05,0.0475
10093,58,27,4,885.27,13,1,0.163,2.0,4.28,1,2963.88,0.0544
10094,36,1,4,992.86,8,1,0.332,5.3,3.75,0,2652.92,0.0385
10095,61,58,5,1031.53,8,2,0.038,0.0,4.45,0,4961.66,0.0608
10096,31,31,5,918.47,6,3,0.142,1.3,4.71,0,3940.24,0.0523
10097,29,16,10,1099.35,10,2,0.222,2.5,3.37,0,8552.94,0.0606
10098,50,41,3,979.77,11,3,0.183,1.3,3.96,0,2401.42,0.0476
10099,48,32,7,1290.22,8,1,0.215,3.2,3.16,0,7089.76,0.0398
10100,24,2,9,980.58,12,0,0.109,2.3,4.47,0,7863.27,0.0606
10101,57,46,5,1341.16,11,2,0.114,2.8,4.15,0,5941.34,0.048
10102,27,25,8,1075.27,11,1,0.333,2.6,5.0,0,5737.64,0.057
10103,56,42,5,398.56,11,5,0.225,2.2,4.17,1,1544.42,0.0497
10104,18,54,5,1502.78,6,2,0.286,0.2,4.51,1,5364.92,0.0597
10105,56,37,3,706.41,8,2,0.352,2.7,4.03,0,1373.26,0.0297
10106,55,41,4,1223.89,8,1,0.148,0.0,4.36,0,4171.02,0.0504
10107,55,16,6,856.7,9,3,0.225,1.3,4.12,1,3983.66,0.0566
10108,49,15,4,1115.27,8,0,0.108,3.2,4.15,1,3979.28,0.0463
10109,40,25,9,677.88,6,0,0.328,4.4,2.92,0,4099.82,0.0366
10110,51,52,7,1006.44,8,0,0.011,6.4,3.54,0,6967.58,0.0262
10111,31,32,4,786.7,8,0,0.075,1.7,4.34,1,2910.79,0.0592
10112,55,21,2,1244.75,11,1,0.238,0.9,5.0,1,1897.0,0.0473
10113,44,47,3,959.67,14,0,0.317,3.3,3.95,0,1966.36,0.0498
10114,40,52,7,1083.99,8,1,0.22,5.6,3.15,0,5918.59,0.0444
10115,42,55,6,308.98,8,0,0.203,5.0,3.82,1,1477.54,0.0385
10116,45,18,4,828.61,16,3,0.19,0.6,4.23,1,2684.7,0.0355
10117,19,43,5,952.64,10,1,0.265,2.2,4.05,1,3500.95,0.0456
10118,24,36,6,905.9,7,2,0.164,3.8,3.14,1,4543.99,0.0414
10119,29,27,7,1090.29,12,2,0.258,4.0,3.61,0,5662.97,0.0483
10120,23,24,5,758.52,11,0,0.276,3.4,3.73,1,2745.84,0.0374
10121,39,7,3,862.2,10,2,0.274,1.6,4.01,1,1877.87,0.0456
10122,50,17,7,1145.31,7,0,0.286,3.4,4.32,1,5724.26,0.0521
10123,49,33,8,280.33,8,1,0.151,4.0,3.48,1,1904.0,0.0522
10124,40,54,8,997.34,5,2,0.187,0.8,4.16,0,6486.7,0.0549
10125,59,52,3,766.53,18,1,0.148,4.7,3.9,1,1959.25,0.0403
10126,45,12,4,621.92,5,1,0.185,4.1,3.64,1,2027.46,0.0417
10127,21,41,4,934.14,10,0,0.036,1.1,5.0,0,3602.04,0.0594
10128,54,6,6,1156.86,10,2,0.19,4.0,3.79,1,5622.34,0.0402
10129,45,41,8,1109.79,7,0,0.274,3.8,3.36,1,6445.66,0.0275
10130,48,21,9,816.22,11,2,0.248,3.8,3.34,1,5524.18,0.0456
10131,45,27,9,1068.94,12,2,0.288,5.1,3.06,0,6849.77,0.0414
10132,44,44,6,1067.02,6,3,0.227,2.4,3.5,1,4948.84,0.0396
10133,22,26,4,828.16,8,3,0.263,3.0,4.0,1,2441.42,0.0353
10134,44,49,4,676.73,8,1,0.083,0.0,4.0,0,2482.25,0.0469
10135,56,33,3,691.19,7,1,0.384,4.3,3.58,1,1277.32,0.0358
10136,32,60,4,1059.46,8,1,0.026,4.1,4.28,0,4127.66,0.0444
10137,46,39,2,839.46,10,2,0.348,4.7,3.32,0,1094.66,0.017
10138,19,18,2,588.45,10,3,0.018,0.8,4.46,1,1155.72,0.0348
10139,34,47,5,428.78,10,2,0.434,4.0,2.92,1,1213.45,0.0448
10140,38,25,4,1057.96,10,1,0.249,4.1,3.6,0,3178.11,0.0386
10141,65,33,4,713.31,9,1,0.195,1.3,3.87,1,2296.86,0.0469
10142,28,9,7,932.6,11,1,0.209,4.2,3.88,1,5163.81,0.0388
10143,31,8,4,1159.93,11,0,0.191,3.2,3.56,1,3753.53,0.0412
10144,37,35,3,522.77,13,0,0.012,0.0,5.0,1,1549.49,0.0514
10145,65,12,7,838.72,11,0,0.179,3.4,3.25,1,4820.12,0.0409
10146,58,60,4,807.33,4,2,0.244,1.1,4.71,0,2441.37,0.0436
10147,19,52,4,944.94,8,1,0.435,0.0,4.9,0,2135.56,0.0505
10148,29,43,5,1159.79,7,2,0.196,3.0,4.0,0,4662.36,0.0583
10149,57,45,3,517.64,11,0,0.145,2.3,4.21,0,1327.75,0.0422
10150,20,36,8,992.45,5,2,0.021,4.8,4.37,1,7772.87,0.0547
10151,59,4,5,1107.88,6,0,0.12,2.7,5.0,0,4874.67,0.0519
10152,31,24,5,803.41,11,4,0.176,3.7,3.44,0,3310.05,0.0399
10153,62,30,5,815.64,4,1,0.262,3.3,3.98,1,3009.71,0.042
10154,32,55,5,954.61,16,0,0.097,4.1,3.61,1,4310.06,0.05
10155,38,14,7,936.2,8,1,0.351,0.9,3.81,1,4253.16,0.0553
10156,49,30,4,995.59,9,2,0.209,2.7,4.12,1,3150.05,0.0409
10157,24,21,3,990.32,10,0,0.154,2.2,4.32,1,2513.43,0.0428
10158,44,9,6,604.51,10,2,0.335,3.5,3.05,1,2411.99,0.0481
10159,42,7,7,1097.57,3,1,0.163,2.8,4.2,1,6430.66,0.0345
10160,55,22,3,1141.7,5,1,0.356,1.4,4.38,0,2205.76,0.049
10161,65,5,2,896.52,9,1,0.231,1.8,3.91,0,1378.85,0.0433
10162,49,5,4,476.46,8,0,0.194,5.2,3.36,0,1536.11,0.0316
10163,37,22,2,821.31,2,0,0.167,0.0,4.79,1,1368.3,0.0499
10164,37,13,4,898.6,11,0,0.052,3.6,4.68,0,3407.49,0.0502
10165,38,34,1,563.85,8,2,0.05,4.5,3.77,0,535.66,0.0216
10166,57,2,5,759.97,11,0,0.178,3.4,4.34,1,3123.48,0.0528
10167,33,19,3,497.66,6,1,0.207,5.8,3.08,1,1183.93,0.0323
10168,26,28,4,1001.82,7,1,0.101,4.0,3.59,0,3602.54,0.0389
10169,34,58,3,891.49,6,2,0.249,3.1,4.12,0,2008.53,0.0428
10170,19,39,8,438.55,8,6,0.048,1.6,3.1,1,3340.0,0.053
10171,23,53,4,937.87,8,0,0.145,3.1,4.14,1,3207.52,0.0588
10172,22,21,2,835.87,10,2,0.243,3.6,3.97,1,1265.51,0.0405
10173,55,27,7,979.1,16,0,0.222,2.4,4.15,1,5332.18,0.0569
10174,52,26,3,752.12,9,0,0.127,1.1,4.55,1,1969.8,0.0499
10175,51,54,4,649.63,6,1,0.206,0.4,4.45,1,2063.22,0.0636
10176,40,58,7,657.29,7,0,0.077,2.7,3.83,1,4246.75,0.0407
10177,52,58,6,715.46,11,0,0.298,0.0,4.07,0,3013.52,0.0443
10178,25,46,2,854.71,9,1,0.264,1.6,4.17,1,1258.13,0.0429
10179,61,31,4,886.99,12,0,0.165,0.0,5.0,0,2962.55,0.0603
10180,42,33,5,802.32,3,1,0.075,3.8,4.28,0,3710.73,0.0311
10181,63,59,6,744.17,9,0,0.15,4.4,3.65,0,3795.27,0.0434
10182,25,18,3,762.15,6,1,0.391,2.5,3.89,0,1392.45,0.0409
10183,41,21,5,1476.93,9,0,0.071,5.5,3.41,0,6860.34,0.0424
10184,51,54,6,657.32,7,2,0.168,4.7,3.36,0,3281.34,0.0437
10185,41,24,5,710.51,7,0,0.008,3.2,4.15,1,3524.13,0.0362
10186,39,15,3,1673.46,9,1,0.318,2.2,4.58,0,3423.9,0.0402
10187,25,34,3,955.25,8,3,0.295,1.8,4.99,1,2020.35,0.0451
10188,36,20,2,505.0,8,0,0.135,3.4,3.61,1,873.65,0.0395
10189,29,54,4,1060.67,12,3,0.269,2.2,4.2,0,3101.4,0.0494
10190,32,55,3,622.49,10,0,0.283,3.3,4.25,0,1338.98,0.0388
10191,50,19,7,1077.27,6,0,0.128,3.5,3.82,1,6575.66,0.0487
10192,48,32,10,797.26,12,2,0.232,2.0,3.58,0,6122.96,0.0469
10193,47,60,5,740.05,9,1,0.167,4.3,3.85,0,3082.31,0.0553
10194,35,45,6,1252.29,12,2,0.288,2.0,4.99,1,5349.78,0.0597
10195,64,13,2,991.6,7,3,0.083,2.4,3.99,1,1818.59,0.044
10196,22,36,5,1093.25,13,0,0.279,0.7,4.12,1,3941.17,0.0601
10197,34,38,5,958.73,5,0,0.116,1.9,4.19,1,4237.59,0.0559
10198,23,40,4,738.89,8,0,0.081,6.1,2.99,1,2716.16,0.0322
10199,34,2,5,1002.84,4,2,0.395,0.9,4.25,1,3033.59,0.0511
10200,64,18,7,1152.3,9,3,0.284,3.1,4.05,1,5775.33,0.0578
10201,35,52,5,883.68,5,0,0.307,1.6,4.0,0,3061.95,0.0495
10202,61,15,4,1300.41,6,4,0.204,0.0,2.73,1,4140.51,0.0382
10203,41,18,4,1062.62,6,1,0.143,3.4,4.01,1,3642.66,0.0554
10204,51,20,5,903.0,9,1,0.017,1.5,4.0,0,4438.24,0.0439
10205,39,11,5,912.87,10,0,0.55,2.9,3.74,0,2053.96,0.0347
10206,30,10,7,884.31,8,0,0.186,4.1,3.52,0,5038.8,0.0508
10207,54,21,5,537.19,5,2,0.2,2.8,4.08,0,2148.76,0.043
10208,64,53,5,827.48,7,1,0.166,3.0,3.78,1,3450.59,0.0478
10209,30,1,3,905.3,3,1,0.154,0.9,4.76,0,2297.65,0.0613
10210,55,17,4,745.98,13,2,0.045,3.6,4.18,0,2849.64,0.0359
10211,30,4,6,934.42,5,2,0.188,2.1,3.9,0,4552.49,0.0493
10212,52,34,3,855.33,5,1,0.225,0.0,4.27,0,1988.64,0.0582
10213,55,16,4,1043.42,10,2,0.495,3.8,3.77,1,2107.71,0.0454
10214,39,48,5,1015.78,8,1,0.2,4.3,3.66,0,4063.12,0.0408
10215,53,36,8,891.79,6,1,0.257,4.9,2.83,1,5300.8,0.0549
10216,31,48,5,508.2,7,1,0.148,6.1,4.26,1,2164.93,0.0413
10217,21,39,6,1297.68,14,0,0.25,3.7,4.26,0,5839.56,0.0509
10218,22,27,6,814.53,10,0,0.026,3.3,3.8,0,4760.11,0.0564
10219,39,52,6,829.78,6,1,0.55,4.3,2.86,1,2240.41,0.0448
10220,61,29,4,764.37,12,0,0.134,0.9,4.36,1,2647.78,0.0586
10221,24,57,7,727.9,11,1,0.222,0.0,4.24,1,3964.14,0.052
10222,39,60,3,1236.01,9,2,0.43,1.6,4.08,0,2113.58,0.0523
10223,51,36,3,1196.51,14,0,0.246,4.6,2.8,0,2706.51,0.0323
10224,27,41,7,961.1,3,0,0.076,1.3,4.15,0,6216.39,0.0498
10225,52,16,6,823.12,7,2,0.216,3.2,3.64,0,3871.96,0.0471
10226,32,49,4,1004.78,12,1,0.136,3.4,3.8,1,3472.52,0.0435
10227,56,41,5,868.45,15,1,0.206,2.8,3.89,1,3447.75,0.0574
10228,45,55,3,802.44,9,0,0.081,0.2,4.59,0,2212.33,0.0531
10229,44,17,4,934.53,5,1,0.201,3.0,4.64,0,2986.76,0.0435
10230,26,48,6,739.71,7,3,0.218,1.7,3.76,0,3470.72,0.0434
10231,40,29,6,913.07,12,0,0.204,5.3,3.24,1,4360.82,0.0389
10232,59,12,2,901.06,9,1,0.214,4.3,2.95,0,1416.47,0.0212
10233,18,11,4,1000.73,8,0,0.258,1.7,4.06,1,2970.17,0.043
10234,54,34,4,695.22,7,1,0.159,5.4,2.9,1,2338.72,0.0314
10235,41,20,3,1027.53,8,2,0.078,3.0,4.29,1,2842.15,0.0408
10236,52,7,7,623.42,6,1,0.129,0.0,4.46,0,3800.99,0.0631
10237,49,26,4,706.86,13,2,0.078,2.3,4.41,0,2606.9,0.0437
10238,38,40,6,717.77,7,1,0.258,5.2,4.22,1,3195.51,0.0305
10239,32,20,4,581.99,10,0,0.188,1.0,4.03,0,1890.3,0.0384
10240,48,58,5,1103.92,8,1,0.087,2.3,3.93,1,5039.39,0.0474
10241,24,47,5,607.74,11,0,0.32,0.1,5.0,1,2066.32,0.0548
10242,46,31,4,675.27,9,0,0.055,0.4,4.61,1,2552.52,0.0458
10243,22,57,5,1163.85,12,3,0.045,1.0,4.35,1,5557.38,0.0644
10244,49,26,1,707.35,6,2,0.144,0.3,4.81,1,605.49,0.0486
10245,48,9,5,802.96,8,1,0.125,1.3,4.67,0,3512.95,0.0536
10246,22,3,9,596.99,12,2,0.133,5.4,3.61,0,4658.31,0.0469
10247,54,57,8,1058.24,7,0,0.022,2.3,4.81,0,8279.67,0.056
10248,37,58,3,1061.68,14,2,0.281,3.7,3.7,0,2290.04,0.0309
10249,55,45,4,1034.74,8,1,0.23,4.3,3.96,1,3187.0,0.0477
10250,19,7,4,984.38,11,2,0.285,0.5,4.23,1,2815.33,0.0558
10251,26,18,10,868.4,11,2,0.346,1.0,4.68,1,5679.34,0.05
10252,41,3,6,718.91,11,2,0.162,3.7,3.42,0,3614.68,0.0448
10253,27,4,4,646.26,11,0,0.125,1.3,3.61,0,2261.91,0.0474
10254,33,15,9,1172.48,11,0,0.239,3.6,4.25,0,8030.32,0.051
10255,49,35,3,1041.2,12,2,0.133,5.3,2.99,1,2708.16,0.0436
10256,24,4,5,676.67,7,0,0.373,0.0,4.1,0,2121.36,0.065
10257,50,60,6,859.96,15,1,0.11,1.8,4.75,0,4592.19,0.053
10258,22,28,6,774.97,9,1,0.106,2.1,4.56,1,4156.94,0.0522
10259,26,16,3,567.95,12,2,0.548,1.5,3.98,0,770.14,0.0425
10260,46,31,4,894.41,9,0,0.253,1.4,2.98,1,2672.5,0.0377
10261,56,48,6,746.13,16,0,0.195,1.6,4.55,0,3603.81,0.0489
10262,26,19,4,611.87,10,2,0.106,2.4,4.27,1,2188.05,0.0502
10263,32,3,8,480.22,12,2,0.139,2.7,4.15,1,3307.76,0.0646
10264,62,4,5,459.05,6,2,0.115,4.0,3.89,0,2031.3,0.0531
10265,65,52,7,757.14,10,1,0.185,2.4,3.99,0,4319.48,0.0558
10266,45,7,4,828.73,8,0,0.171,4.3,3.64,1,2748.07,0.0251
10267,39,39,4,631.17,11,0,0.13,1.4,3.85,1,2196.47,0.0354
10268,34,24,5,1012.68,11,0,0.148,0.4,4.21,0,4314.02,0.0593
10269,47,47,8,833.61,10,2,0.043,1.9,4.2,0,6382.12,0.0645
10270,46,4,5,994.22,10,0,0.176,3.2,4.18,1,4096.19,0.0505
10271,32,54,5,804.27,8,1,0.205,3.9,4.15,0,3196.97,0.0438
10272,19,42,5,653.22,9,0,0.399,4.9,3.09,1,1962.93,0.0454
10273,25,27,6,878.53,8,0,0.195,2.9,3.33,0,4243.3,0.0491
10274,64,13,2,534.33,9,2,0.174,3.7,3.56,0,882.71,0.041
10275,38,59,3,984.86,8,0,0.027,4.7,3.3,0,2874.81,0.0229
10276,41,19,7,615.71,9,0,0.062,1.1,4.49,0,4042.75,0.0588
10277,40,30,4,1079.56,7,1,0.34,2.0,3.55,0,2850.04,0.0543
10278,55,24,8,765.39,11,3,0.138,7.1,3.55,0,5278.13,0.0436
10279,21,14,4,1115.63,13,2,0.162,3.9,3.33,1,3739.59,0.0442
10280,21,25,2,569.34,5,1,0.275,3.3,4.62,0,825.54,0.0415
10281,31,10,4,680.56,11,1,0.215,3.9,4.03,0,2136.96,0.0433
10282,41,1,6,945.23,11,1,0.124,0.1,4.01,1,4968.13,0.0626
10283,50,18,6,1142.62,9,2,0.141,1.3,5.0,1,5889.06,0.0537
10284,41,7,4,1266.65,6,1,0.171,0.7,4.49,0,4200.21,0.0472
10285,39,25,4,860.34,8,1,0.106,3.1,4.02,0,3076.58,0.0414
10286,63,52,7,1309.44,7,1,0.138,1.8,4.15,0,7901.16,0.0534
10287,25,10,9,777.58,11,1,0.072,2.6,4.24,0,6494.35,0.0452
10288,45,1,5,1124.69,13,2,0.204,1.9,4.29,0,4476.27,0.0548
10289,44,7,5,614.45,18,1,0.21,0.0,4.11,1,2427.08,0.0522
10290,40,31,5,955.05,14,0,0.027,3.9,3.8,0,4646.32,0.0486
10291,56,17,12,264.58,8,1,0.438,0.0,4.55,0,1784.33,0.0524
10292,30,30,7,569.6,10,2,0.165,1.2,4.45,0,3329.31,0.0614
10293,63,2,5,966.67,12,0,0.19,0.2,4.83,1,3915.01,0.0651
10294,33,20,5,521.89,13,1,0.073,0.9,4.41,0,2418.96,0.0558
10295,44,25,6,956.74,10,2,0.369,2.7,3.67,1,3622.22,0.0472
10296,42,26,8,1076.61,15,2,0.218,4.5,3.32,1,6735.27,0.0495
10297,58,34,6,724.67,10,2,0.252,0.0,3.86,0,3252.32,0.0611
10298,39,47,9,607.76,8,3,0.132,1.5,4.3,0,4747.82,0.0606
10299,31,29,8,731.45,8,1,0.32,0.0,4.22,1,3979.09,0.0623
10300,19,51,6,608.55,9,0,0.13,1.4,4.26,0,3176.63,0.0631
10301,35,32,4,824.7,14,4,0.55,2.5,3.86,0,1484.46,0.049
10302,57,16,3,875.52,6,3,0.045,3.7,3.64,0,2508.36,0.0333
10303,18,14,6,773.5,10,2,0.129,0.0,4.4,1,4042.31,0.0644
10304,61,20,6,1268.59,8,1,0.041,3.3,3.5,0,7299.47,0.044
10305,44,36,4,670.15,10,0,0.269,0.7,4.59,1,1959.52,0.0527
10306,24,15,5,1197.86,6,3,0.216,0.3,4.11,1,4695.61,0.0532
10307,32,55,3,589.69,11,0,0.178,2.5,4.11,0,1454.18,0.0491
10308,44,29,5,868.19,5,4,0.276,3.5,4.09,1,3142.85,0.0565
10309,33,52,2,1145.78,7,1,0.226,2.2,4.33,1,1773.67,0.0419
10310,23,41,4,1132.84,11,2,0.204,0.5,4.05,0,3606.96,0.06
10311,49,21,9,744.94,14,2,0.307,2.2,3.94,0,4646.19,0.0549
10312,50,14,4,988.77,5,0,0.046,1.2,5.0,1,3773.15,0.0623
10313,23,45,7,955.29,10,3,0.331,3.4,3.55,1,4473.62,0.0476
10314,31,20,6,715.02,4,1,0.171,4.2,3.76,1,3556.51,0.0416
10315,29,15,2,1003.99,6,1,0.315,4.1,4.06,0,1375.47,0.0479
10316,49,56,6,1315.62,9,1,0.369,2.4,4.16,0,4980.94,0.047
10317,53,29,5,967.93,8,0,0.197,4.3,3.66,0,3886.24,0.0379
10318,52,3,10,991.59,8,1,0.075,0.7,4.04,1,9172.21,0.0511
10319,63,30,3,1018.04,11,0,0.064,5.4,3.62,1,2858.66,0.0422
10320,54,28,4,484.76,11,0,0.056,0.7,4.77,1,1830.45,0.0626
10321,33,52,4,965.06,6,3,0.35,0.0,4.89,1,2509.16,0.0579
10322,23,43,2,595.81,7,3,0.275,4.7,2.79,1,863.92,0.0216
10323,47,12,6,702.53,8,0,0.116,1.2,5.0,0,3726.22,0.0579
10324,61,10,5,1390.49,5,0,0.169,2.6,4.0,0,5777.49,0.0455
10325,64,37,5,786.68,7,1,0.117,0.6,4.81,0,3473.19,0.05
10326,29,3,7,664.96,14,1,0.168,6.4,3.02,0,3872.73,0.0343
10327,29,20,3,1138.15,10,3,0.353,5.5,2.59,0,2209.15,0.0312
10328,19,9,4,613.08,7,2,0.152,5.0,2.91,1,2079.57,0.0301
10329,24,2,2,738.15,5,1,0.152,2.6,3.88,1,1251.9,0.04
10330,44,56,6,1162.26,9,1,0.031,4.1,4.0,0,6757.38,0.0355
10331,44,6,8,860.69,6,1,0.29,2.3,4.1,1,4888.72,0.0634
10332,35,1,3,459.6,8,1,0.221,4.3,3.61,1,1074.09,0.0343
10333,32,56,5,986.0,7,1,0.156,1.7,4.7,1,4160.92,0.0585
10334,57,12,3,750.88,5,3,0.383,5.1,3.38,0,1389.88,0.0348
10335,40,49,3,1234.96,10,2,0.266,1.6,4.24,1,2719.38,0.0483
10336,56,2,4,698.45,8,4,0.102,1.8,5.0,0,2508.83,0.0459
10337,64,10,2,1112.81,8,0,0.132,1.6,4.31,1,1931.84,0.0383
10338,33,7,5,1293.92,7,3,0.169,2.7,3.5,1,5376.24,0.0397
10339,27,43,3,637.26,13,1,0.038,1.7,4.41,0,1839.13,0.0468
10340,63,38,6,801.7,8,2,0.199,3.2,4.15,1,3852.97,0.0568
10341,48,29,7,947.16,13,1,0.347,1.6,4.35,1,4329.47,0.0575
10342,31,15,5,635.66,7,2,0.051,3.7,3.8,0,3016.21,0.0385
10343,47,6,7,917.57,9,2,0.322,5.0,4.17,0,4354.79,0.0475
10344,42,35,4,793.77,5,1,0.241,2.5,4.66,0,2409.89,0.0488
10345,61,14,3,788.73,9,3,0.194,6.2,3.13,1,1907.15,0.0279
10346,30,36,3,862.23,4,0,0.153,4.3,3.54,0,2190.93,0.0362
10347,65,42,7,867.82,6,0,0.325,6.0,3.71,1,4100.45,0.0468
10348,62,51,6,890.97,9,2,0.107,2.3,3.69,0,4773.82,0.0436
10349,26,30,2,700.29,3,2,0.174,0.0,4.8,1,1156.88,0.0469
10350,25,1,5,711.21,13,2,0.261,1.2,4.37,1,2627.92,0.0582
10351,43,17,6,820.35,4,1,0.063,1.4,5.0,1,4612.01,0.0604
10352,20,52,5,838.81,7,4,0.215,0.8,4.72,1,3292.33,0.0629
10353,32,32,2,740.29,8,1,0.408,0.0,4.01,0,876.5,0.0529
10354,38,38,5,930.98,10,1,0.118,4.1,3.53,1,4105.62,0.0333
10355,64,28,5,396.31,6,1,0.286,0.0,3.64,1,1414.83,0.0521
10356,65,10,5,667.38,9,2,0.162,4.0,2.72,0,2796.32,0.0338
10357,25,54,10,780.02,9,1,0.064,6.1,3.45,0,7300.99,0.0371
10358,60,47,3,635.97,11,2,0.359,1.1,3.67,1,1222.97,0.0387
10359,22,60,3,1257.3,11,1,0.161,3.1,4.68,0,3164.62,0.0437
10360,53,52,7,854.72,12,0,0.071,1.7,4.82,0,5558.24,0.0557
10361,58,18,4,894.19,12,1,0.369,3.8,3.69,1,2256.94,0.0372
10362,60,16,5,729.19,8,4,0.467,0.4,3.98,0,1943.29,0.0515
10363,28,15,4,846.06,7,0,0.353,2.2,4.87,0,2189.6,0.0658
10364,60,56,9,546.19,7,2,0.155,4.3,4.4,1,4153.77,0.0421
10365,23,34,5,807.55,7,0,0.168,2.3,3.77,0,3359.41,0.0533
10366,42,28,4,615.75,9,1,0.295,0.0,4.02,0,1736.42,0.0503
10367,40,59,5,780.65,9,2,0.243,4.5,3.45,1,2954.76,0.0376
10368,33,37,6,250.0,12,0,0.249,0.2,4.76,0,1126.5,0.0464
10369,19,55,6,568.0,10,2,0.096,2.5,3.72,0,3080.83,0.0522
10370,55,60,8,1215.98,13,1,0.145,3.4,4.09,0,8317.3,0.0425
10371,34,5,6,1057.6,6,0,0.194,2.6,5.0,1,5114.55,0.0601
10372,49,22,4,1179.76,12,1,0.042,6.7,2.66,1,4520.84,0.0393
10373,37,45,5,1196.93,10,4,0.191,3.6,3.35,1,4841.58,0.0337
10374,35,49,4,1018.25,10,0,0.132,2.1,3.6,1,3535.36,0.0507
10375,60,9,9,736.78,7,1,0.335,3.4,3.51,1,4409.63,0.049
10376,22,20,3,590.69,10,1,0.429,2.8,3.86,1,1011.85,0.0286
10377,53,33,5,1136.69,9,1,0.098,2.5,3.72,1,5126.47,0.0386
10378,53,48,8,866.14,14,0,0.237,2.8,4.33,0,5286.92,0.0548
10379,36,7,3,1473.51,12,2,0.078,1.7,4.16,1,4075.73,0.0476
10380,30,37,6,758.73,6,2,0.138,2.8,4.03,0,3924.15,0.0394
10381,18,18,6,1343.22,6,1,0.182,1.5,4.09,1,6592.52,0.0521
10382,62,13,6,810.8,5,1,0.117,0.0,4.4,1,4295.62,0.0617
10383,63,31,4,1184.01,9,0,0.149,4.3,3.67,0,4030.37,0.0457
10384,29,25,4,1274.17,12,1,0.108,1.4,4.14,0,4546.24,0.0459
10385,19,39,3,594.26,11,1,0.091,2.6,4.22,1,1620.55,0.0464
10386,23,20,6,728.75,12,1,0.461,1.1,3.44,0,2356.78,0.0552
10387,21,50,6,591.76,9,0,0.181,1.2,4.51,0,2907.91,0.0601
10388,57,5,4,542.51,10,1,0.279,0.6,4.0,0,1564.6,0.0545
10389,60,52,7,1016.77,10,2,0.069,4.0,3.53,0,6626.29,0.0458
10390,25,2,4,800.84,7,1,0.184,4.4,3.01,1,2613.94,0.035
10391,53,45,3,863.09,13,5,0.054,2.4,3.51,1,2449.45,0.0415
10392,26,21,7,989.06,4,0,0.359,1.5,4.46,1,4437.91,0.0511
10393,35,24,3,385.65,5,0,0.293,0.0,4.81,0,817.96,0.0592
10394,46,2,7,1171.69,11,1,0.064,3.8,3.28,1,7676.91,0.0349
10395,52,43,3,762.73,6,2,0.157,1.2,4.37,0,1928.94,0.0444
10396,59,10,1,983.1,8,0,0.18,0.5,5.0,0,806.14,0.0441
10397,20,40,5,1005.18,19,0,0.077,2.4,3.95,0,4638.91,0.0502
10398,27,44,2,1192.7,12,2,0.171,1.8,4.08,0,1977.5,0.045
10399,31,51,5,823.79,11,0,0.41,0.0,3.67,0,2430.18,0.0595
10400,32,43,2,319.09,10,1,0.17,0.1,4.08,0,529.69,0.0449
10401,65,19,5,864.28,8,1,0.263,3.0,4.08,1,3184.87,0.0427
10402,55,45,9,900.18,8,0,0.218,1.3,4.8,0,6335.47,0.06
10403,33,50,2,591.43,6,3,0.195,3.3,3.44,1,952.2,0.0323
10404,64,20,5,886.87,8,3,0.049,2.6,5.0,0,4217.07,0.0564
10405,41,8,4,759.75,9,1,0.087,4.2,3.89,0,2774.61,0.0349
10406,42,54,5,514.31,8,2,0.169,1.0,3.65,1,2136.96,0.0473
10407,38,9,5,1017.87,9,0,0.136,2.8,4.68,1,4397.2,0.0607
10408,24,36,4,709.07,8,0,0.455,3.5,3.41,1,1545.77,0.0409
10409,62,15,3,748.41,7,0,0.266,1.3,4.51,0,1648.0,0.0418
10410,18,8,4,734.36,9,1,0.087,4.3,3.31,0,2681.88,0.0355
10411,26,47,6,1158.87,8,0,0.399,0.0,3.99,1,4178.89,0.0409
10412,29,9,8,839.77,9,1,0.272,1.0,4.75,0,4890.82,0.0595
10413,31,41,2,869.77,12,2,0.036,0.0,4.28,1,1676.92,0.0557
10414,24,42,4,739.84,8,2,0.176,1.1,4.98,1,2438.51,0.0469
10415,18,4,2,965.72,10,2,0.409,2.1,3.56,0,1141.48,0.0286
10416,50,11,4,1187.33,9,2,0.071,3.8,3.01,1,4412.12,0.0329
10417,64,48,5,1011.97,9,1,0.154,2.1,3.91,0,4280.63,0.0533
10418,23,31,9,1021.72,9,1,0.405,1.4,5.0,1,5471.31,0.0721
10419,32,8,3,1001.56,9,0,0.266,0.0,4.98,0,2205.44,0.0562
10420,42,60,3,504.94,10,1,0.128,0.3,4.7,0,1320.92,0.0435
10421,62,16,4,630.97,15,1,0.105,2.9,4.24,1,2258.87,0.0458
10422,51,1,6,798.75,7,4,0.447,3.9,3.28,1,2650.25,0.053
10423,54,56,5,668.53,10,1,0.039,1.7,5.0,1,3212.29,0.0532
10424,45,1,6,583.87,6,0,0.34,4.5,4.0,0,2312.13,0.0462
10425,38,34,2,381.96,13,1,0.163,0.8,4.52,1,639.4,0.0471
10426,27,60,6,513.37,8,1,0.276,1.7,4.64,1,2230.08,0.0455
10427,59,35,3,785.87,5,1,0.232,1.9,3.59,1,1810.64,0.0474
10428,56,36,2,832.64,6,0,0.181,5.0,3.3,0,1363.86,0.0351
10429,19,24,2,651.74,13,0,0.159,2.6,4.02,1,1096.23,0.0271
10430,52,8,9,869.73,13,1,0.368,0.0,4.95,1,4947.02,0.0563
10431,22,35,3,741.54,8,0,0.368,4.0,3.3,1,1405.96,0.0296
10432,53,54,4,1122.64,13,0,0.059,5.5,3.58,1,4225.62,0.0413
10433,57,6,6,809.59,8,2,0.36,2.0,3.95,0,3108.83,0.0455
10434,24,53,5,1024.08,4,2,0.187,0.9,3.53,0,4162.89,0.0503
10435,38,25,3,900.8,8,0,0.212,3.9,3.67,0,2129.49,0.0368
10436,23,33,2,499.48,6,2,0.219,5.7,3.62,0,780.19,0.0309
10437,45,10,5,827.34,9,4,0.165,3.8,2.85,0,3454.14,0.041
10438,62,38,6,541.09,13,1,0.163,0.0,5.0,0,2717.35,0.062
10439,21,11,5,822.97,7,2,0.032,3.7,3.94,1,3983.17,0.0446
10440,37,17,3,663.72,12,2,0.328,3.1,4.0,1,1338.06,0.0434
10441,64,44,5,945.49,11,1,0.114,0.8,4.36,0,4188.52,0.0544
10442,32,4,8,514.41,7,0,0.262,4.6,3.28,1,3037.08,0.0426
10443,24,27,6,853.68,7,1,0.151,3.1,3.65,0,4348.65,0.0435
10444,41,36,4,993.1,10,3,0.044,4.6,3.63,1,3797.61,0.0502
10445,42,8,3,1076.9,13,3,0.304,0.6,3.9,1,2248.57,0.0432
10446,49,18,5,658.96,11,1,0.256,3.1,4.03,0,2451.33,0.0547
10447,33,21,7,854.44,4,0,0.126,0.9,4.03,0,5227.46,0.0502
10448,63,40,4,896.04,10,3,0.208,2.8,4.0,1,2838.65,0.0496
10449,43,59,5,1236.78,9,1,0.49,4.9,3.85,0,3153.79,0.0525
10450,31,51,6,479.67,9,2,0.064,0.0,3.67,0,2693.83,0.0503
10451,64,12,6,622.22,14,1,0.246,0.1,4.51,0,2814.92,0.0532
10452,62,2,4,1551.12,6,2,0.08,4.0,3.0,1,5708.12,0.0337
10453,41,4,4,781.73,9,1,0.024,2.4,3.23,1,3051.87,0.0408
10454,19,36,4,377.25,7,0,0.103,4.4,3.54,1,1353.57,0.0407
10455,46,10,6,704.36,11,2,0.09,1.0,5.0,0,3845.81,0.0581
10456,44,14,4,250.0,12,0,0.348,2.5,4.5,0,652.0,0.0458
10457,25,51,6,910.23,7,5,0.126,3.6,4.08,0,4773.25,0.0594
10458,48,53,4,1052.45,7,0,0.158,2.8,4.37,0,3544.65,0.0457
10459,58,51,6,622.08,11,3,0.16,0.0,4.39,1,3135.28,0.053
10460,23,16,7,732.32,3,2,0.185,7.2,3.51,1,4177.89,0.0436
10461,52,38,12,1080.91,11,4,0.318,2.8,3.41,0,8846.17,0.0577
10462,24,37,4,412.45,9,1,0.061,0.1,4.69,0,1549.16,0.0627
10463,53,12,7,519.61,8,5,0.284,2.9,4.11,0,2604.29,0.0624
10464,38,34,4,792.97,9,1,0.276,3.1,4.26,1,2296.44,0.0478
10465,18,32,9,661.92,9,3,0.305,4.1,4.12,1,4140.31,0.0494
10466,64,24,9,776.53,11,1,0.287,4.0,3.86,0,4982.99,0.0384
10467,25,46,5,534.06,9,4,0.048,2.0,4.6,0,2542.13,0.0465
10468,46,41,2,903.58,9,0,0.243,0.0,4.51,1,1368.02,0.0485
10469,26,32,4,812.69,13,2,0.285,3.2,4.78,1,2324.29,0.0415
10470,62,44,5,987.3,8,0,0.223,0.0,4.86,1,3835.66,0.0482
10471,53,46,5,900.1,17,1,0.034,4.5,3.52,1,4347.48,0.041
10472,56,35,5,901.67,10,1,0.076,1.2,3.75,0,4165.72,0.0533
10473,38,17,6,488.42,14,1,0.115,3.5,3.51,0,2593.51,0.0429
10474,40,46,7,973.15,9,0,0.465,1.3,3.93,0,3644.45,0.0583
10475,48,44,9,767.28,10,0,0.348,1.6,4.27,0,4502.4,0.0608
10476,55,60,4,808.35,6,0,0.272,1.0,3.85,0,2353.92,0.0543
10477,58,9,5,1112.07,11,2,0.181,3.6,4.33,1,4553.93,0.0603
10478,18,26,5,670.14,9,2,0.313,1.3,4.22,1,2301.93,0.0669
10479,49,56,9,1187.8,7,0,0.3,3.7,3.97,1,7483.14,0.0554
10480,23,31,3,1211.12,5,3,0.246,1.4,3.52,1,2739.55,0.0392
10481,31,57,7,1038.2,10,1,0.429,2.0,3.79,0,4149.69,0.0511
10482,57,1,4,604.84,14,1,0.307,2.5,3.05,1,1676.62,0.0491
10483,30,3,3,303.43,8,1,0.329,2.7,4.74,1,610.8,0.0413
10484,56,48,6,1119.71,6,0,0.172,0.8,3.82,0,5562.72,0.0604
10485,40,22,4,877.85,9,1,0.523,3.6,3.25,1,1674.94,0.0376
10486,29,32,9,663.7,12,1,0.52,1.9,4.79,0,2867.18,0.0609
10487,34,26,3,1143.39,8,0,0.129,3.3,4.18,1,2987.68,0.0373
10488,43,25,5,634.61,10,1,0.031,2.4,4.12,0,3074.69,0.0405
10489,54,57,6,743.96,8,2,0.315,3.4,3.94,1,3057.68,0.0455
10490,47,6,3,981.22,6,1,0.268,1.7,4.62,1,2154.76,0.0558
10491,62,47,6,571.6,5,3,0.079,1.1,4.15,0,3158.66,0.0488
10492,59,54,3,822.63,12,2,0.055,3.1,3.15,1,2332.16,0.046
10493,54,40,3,1122.28,3,0,0.186,1.6,4.64,0,2740.61,0.0448
10494,46,24,4,902.78,8,0,0.132,4.9,3.91,1,3134.45,0.0336
10495,31,10,6,1161.86,10,0,0.192,2.5,4.68,0,5632.7,0.055
10496,37,41,4,1133.4,9,0,0.327,0.1,4.02,0,3051.11,0.0543
10497,23,29,6,851.93,10,2,0.034,1.4,3.82,0,4937.79,0.0516
10498,35,9,3,265.81,9,4,0.021,0.7,4.25,1,780.68,0.0486
10499,62,22,5,573.56,7,1,0.163,4.2,3.32,0,2400.35,0.0496
10500,38,58,5,1040.83,9,0,0.12,3.7,2.88,1,4579.65,0.039
10501,23,16,3,462.44,11,1,0.27,2.3,4.17,0,1012.74,0.0412
10502,49,11,5,768.33,6,0,0.073,2.9,4.48,0,3561.21,0.0428
10503,64,41,2,934.62,8,0,0.232,2.3,4.13,0,1435.58,0.048
10504,59,12,5,1217.39,12,1,0.229,3.9,4.04,1,4693.04,0.0424
10505,31,56,4,706.25,13,3,0.318,3.3,3.89,1,1926.65,0.0411
10506,39,52,15,689.13,5,1,0.346,3.6,3.86,0,6760.37,0.0625
10507,43,60,11,836.89,11,0,0.096,2.1,4.28,1,8322.03,0.0706
10508,29,55,6,937.73,5,3,0.198,1.3,4.67,1,4512.36,0.0573
10509,30,15,4,811.44,13,1,0.088,3.5,3.44,0,2960.13,0.0391
10510,29,13,5,1112.32,10,3,0.171,5.0,3.75,1,4610.57,0.041
10511,65,21,4,650.21,10,0,0.133,4.3,3.29,0,2254.93,0.0347
10512,53,29,4,880.04,9,1,0.268,5.1,3.22,0,2576.76,0.0333
10513,58,53,5,961.3,7,0,0.55,2.7,4.65,0,2162.92,0.0489
10514,57,45,2,749.94,8,2,0.038,0.8,3.71,1,1442.88,0.0463
10515,64,39,11,1059.93,7,1,0.34,0.9,4.23,0,7695.09,0.0599
10516,23,53,5,887.24,13,2,0.196,4.7,4.62,0,3566.7,0.055
10517,60,39,7,1047.21,10,0,0.263,0.0,5.0,1,5402.56,0.0613
10518,21,23,4,898.53,9,4,0.099,5.0,2.97,0,3238.3,0.0319
10519,40,25,2,944.1,6,0,0.032,1.1,4.15,0,1827.78,0.0506
10520,46,32,7,691.9,4,2,0.109,5.7,3.3,1,4315.38,0.0405
10521,35,6,3,692.31,15,0,0.098,2.3,4.78,0,1873.39,0.047
10522,25,45,2,1156.1,7,0,0.419,3.6,3.5,0,1343.39,0.0342
10523,27,40,7,1008.88,9,0,0.249,6.5,2.95,0,5303.68,0.0455
10524,57,44,3,594.26,8,0,0.169,1.8,4.6,1,1481.49,0.0495
10525,33,33,7,895.22,9,1,0.191,1.8,3.42,0,5069.63,0.0564
10526,32,47,3,256.56,12,1,0.45,1.2,3.87,1,423.32,0.043
10527,62,57,6,706.51,6,1,0.224,0.7,4.34,0,3289.51,0.0615
10528,24,35,5,1090.26,10,0,0.293,1.8,4.26,0,3854.07,0.0519
10529,61,27,3,818.71,3,0,0.42,1.5,3.72,1,1424.56,0.0483
10530,62,7,9,879.48,12,1,0.326,0.3,4.61,0,5334.93,0.0675
10531,46,47,4,250.0,9,0,0.177,2.0,4.49,0,823.0,0.0436
10532,25,55,5,751.94,7,2,0.043,3.2,3.53,1,3598.03,0.0437
10533,25,42,4,934.57,6,0,0.095,0.9,5.0,0,3383.14,0.0603
10534,31,52,6,966.32,12,0,0.068,2.1,4.37,0,5403.66,0.0591
10535,45,52,5,1090.59,5,2,0.197,4.8,3.08,1,4378.72,0.0449
10536,25,48,4,797.44,9,3,0.352,0.0,5.0,0,2066.96,0.0569
10537,39,31,3,808.59,7,2,0.136,5.7,3.14,1,2095.87,0.0403
10538,23,6,6,516.97,7,4,0.087,1.3,4.05,1,2831.96,0.0481
10539,43,1,7,798.87,8,1,0.225,2.7,3.79,0,4333.87,0.0403
10540,19,13,6,534.61,6,2,0.211,4.6,3.85,1,2530.84,0.0426
10541,52,26,4,388.03,12,3,0.12,5.1,3.17,0,1365.87,0.0423
10542,20,45,9,578.71,12,1,0.418,3.2,3.73,0,3031.28,0.0441
10543,27,28,6,1227.17,11,1,0.394,1.2,4.21,1,4461.99,0.0444
10544,26,2,6,782.36,7,1,0.18,1.1,4.08,0,3849.21,0.0423
10545,57,13,5,904.97,8,0,0.201,1.4,4.83,1,3615.36,0.0591
10546,20,59,5,721.63,7,0,0.165,5.6,3.03,1,3012.81,0.0268
10547,38,60,5,402.36,8,3,0.187,1.7,3.98,0,1635.59,0.0523
10548,46,23,2,1084.03,13,1,0.185,3.0,4.0,1,1766.97,0.0362
10549,42,49,4,306.95,4,0,0.067,0.6,4.44,0,1145.54,0.0471
10550,50,44,3,711.3,11,2,0.168,0.4,4.76,0,1775.4,0.0454
10551,56,56,7,836.35,13,3,0.291,2.4,3.19,0,4150.81,0.0475
10552,36,54,6,907.62,5,2,0.074,1.8,4.33,1,5042.74,0.0482
10553,57,38,4,668.38,7,1,0.037,2.0,3.58,0,2574.6,0.0438
10554,33,24,3,390.51,8,4,0.193,0.0,3.97,1,945.42,0.0499
10555,65,38,4,649.73,7,0,0.033,2.3,3.58,1,2513.16,0.0469
10556,42,20,3,662.81,6,0,0.244,5.0,3.55,1,1503.25,0.0405
10557,53,21,2,656.73,4,3,0.181,0.9,3.88,1,1075.72,0.0427
10558,60,37,4,1092.51,14,3,0.183,3.9,4.34,0,3570.32,0.0383
10559,56,35,5,546.6,4,0,0.174,0.0,4.71,0,2257.46,0.0596
10560,58,35,7,925.24,8,3,0.015,1.0,4.32,0,6379.53,0.0598
10561,43,24,3,889.57,10,0,0.182,0.0,4.1,0,2183.0,0.0471
10562,20,25,3,1090.11,6,1,0.071,4.5,4.02,0,3038.14,0.037
10563,41,1,5,816.72,10,0,0.207,3.9,4.64,1,3238.29,0.0634
10564,26,37,4,1047.78,8,2,0.195,0.6,4.68,0,3373.85,0.0454
10565,60,35,4,806.94,7,1,0.147,2.9,3.39,0,2753.28,0.0438
10566,29,57,4,958.6,9,1,0.142,4.4,3.5,0,3289.92,0.0448
10567,28,31,3,474.26,15,5,0.253,4.7,3.3,1,1062.82,0.032
10568,29,29,4,250.0,6,2,0.383,1.7,3.83,1,617.0,0.0449
10569,48,5,10,944.39,8,0,0.274,0.0,5.0,1,6856.27,0.0634
10570,45,12,4,957.8,10,2,0.233,0.9,4.02,1,2938.53,0.0486
10571,63,21,6,968.88,6,1,0.044,3.7,3.81,0,5557.5,0.0512
10572,37,23,5,718.77,7,2,0.145,6.0,3.05,0,3072.74,0.0336
10573,31,22,9,1222.43,10,5,0.288,2.3,3.79,1,7833.33,0.0714
10574,20,24,8,735.03,8,1,0.083,1.4,4.87,1,5392.18,0.0571
10575,18,47,6,955.22,11,1,0.135,6.5,3.38,1,4957.59,0.0459
10576,35,8,4,998.66,7,2,0.383,3.1,3.74,1,2464.69,0.0458
10577,62,20,5,1279.69,9,1,0.176,0.3,3.96,0,5272.32,0.0523
10578,43,10,5,770.74,9,2,0.45,2.2,4.55,0,2119.54,0.0602
10579,60,19,5,686.7,8,1,0.502,4.1,3.7,1,1709.88,0.0329
10580,22,42,4,475.46,10,1,0.306,2.3,4.0,0,1319.88,0.0483
10581,22,3,5,1238.09,8,3,0.074,3.8,2.56,0,5732.36,0.032
10582,58,21,7,955.35,9,0,0.402,0.0,4.54,1,3999.1,0.0566
10583,23,2,10,963.27,10,1,0.056,0.0,4.32,1,9093.27,0.0588
10584,20,58,10,1629.18,15,0,0.237,1.2,3.56,0,12430.64,0.049
10585,37,44,8,931.26,9,3,0.162,1.9,4.4,0,6243.17,0.0461
10586,62,15,2,524.42,8,2,0.162,3.0,3.62,0,878.93,0.0382
10587,51,12,7,801.02,6,0,0.251,3.5,4.82,0,4199.75,0.0535
10588,22,6,4,606.3,9,0,0.075,6.6,4.05,0,2243.31,0.0356
10589,58,29,5,751.03,12,1,0.329,1.1,3.98,0,2519.71,0.0547
10590,58,46,4,749.35,6,1,0.106,1.9,4.77,1,2679.68,0.0538
10591,56,36,4,703.24,7,0,0.204,1.2,5.0,0,2239.12,0.0523
10592,61,53,6,501.68,9,4,0.047,4.2,3.19,0,2868.61,0.0594
10593,29,21,2,1248.13,9,1,0.114,4.3,3.26,0,2211.69,0.0373
10594,65,17,9,924.71,15,3,0.075,1.6,3.04,0,7698.21,0.0643
10595,33,29,7,793.63,5,2,0.106,5.9,3.51,0,4966.54,0.0387
10596,56,13,4,1039.41,6,0,0.146,1.2,3.95,1,3550.62,0.0491
10597,45,59,3,967.77,5,1,0.111,4.2,3.93,1,2581.04,0.0314
10598,55,12,6,918.92,6,1,0.192,4.9,3.36,1,4454.92,0.0387
10599,48,29,3,1021.25,6,1,0.025,0.1,4.13,0,2987.16,0.0447
10600,48,32,3,883.48,9,1,0.219,3.4,3.64,1,2069.99,0.0566
10601,47,4,5,1017.56,8,0,0.097,0.0,4.02,1,4594.28,0.0485
10602,55,29,5,1038.28,11,2,0.342,3.8,3.46,0,3415.94,0.0403
10603,53,28,3,890.68,16,0,0.13,0.5,4.18,0,2324.67,0.039
10604,24,16,5,794.9,10,1,0.224,3.4,3.88,0,3084.21,0.0482
10605,57,8,1,1232.6,10,3,0.071,3.7,3.68,1,1145.09,0.0246
10606,43,3,3,730.52,12,1,0.269,4.3,3.24,1,1602.03,0.04
10607,33,1,5,947.83,8,1,0.118,3.9,4.29,1,4179.93,0.0357
10608,42,29,4,953.48,8,1,0.173,2.5,3.98,0,3154.11,0.0445
10609,64,6,2,697.61,9,2,0.223,1.8,4.75,1,1084.09,0.034
10610,59,58,9,648.04,7,5,0.384,2.3,3.79,0,3592.73,0.0498
10611,58,15,3,761.54,14,2,0.121,0.5,4.34,0,2008.18,0.047
10612,40,40,4,726.95,5,2,0.09,2.0,3.82,1,2646.1,0.0416
10613,55,41,4,485.47,14,2,0.182,1.9,4.33,0,1588.46,0.0455
10614,36,30,2,687.13,9,0,0.101,1.1,4.42,1,1235.46,0.0503
10615,50,54,9,916.56,11,1,0.335,0.0,4.89,1,5485.61,0.077
10616,48,7,9,1166.49,11,0,0.045,0.2,5.0,0,10025.98,0.0663
10617,29,15,5,988.6,12,1,0.211,0.0,4.17,1,3900.03,0.0484
10618,30,16,5,250.0,11,1,0.207,1.9,4.43,0,991.25,0.0517
10619,20,9,5,1010.33,9,0,0.225,3.0,4.32,1,3915.03,0.0463
10620,24,18,2,710.46,5,1,0.169,0.0,4.71,1,1180.78,0.0538
10621,38,19,8,963.27,13,0,0.093,2.8,3.9,1,6989.49,0.0529
10622,40,46,4,846.47,15,1,0.118,2.2,3.92,0,2986.35,0.036
10623,25,19,5,801.83,6,0,0.058,0.4,4.27,1,3776.62,0.0599
10624,38,53,5,824.44,14,1,0.181,1.7,3.92,1,3376.08,0.0544
10625,47,47,9,844.39,11,2,0.115,4.2,3.27,0,6725.57,0.0548
10626,29,55,3,1186.1,14,2,0.19,0.7,4.23,0,2882.22,0.0445
10627,34,7,6,845.08,5,2,0.127,2.5,3.61,0,4426.53,0.0488
10628,35,60,4,1121.38,8,1,0.127,3.0,4.16,1,3915.86,0.0382
10629,42,37,2,1084.98,15,2,0.269,1.0,4.25,1,1586.24,0.0434
10630,35,59,3,1016.76,11,1,0.059,4.1,3.84,1,2870.31,0.0409
10631,53,22,9,403.35,14,0,0.227,3.1,3.92,0,2806.11,0.0481
10632,33,58,3,1129.16,12,3,0.327,2.0,3.97,0,2279.77,0.0455
10633,38,36,7,735.52,8,0,0.068,6.4,3.34,0,4798.53,0.0402
10634,36,5,6,1028.93,13,1,0.126,4.1,4.11,0,5395.71,0.0441
10635,26,25,4,606.87,9,3,0.171,0.0,4.1,1,2012.38,0.0593
10636,50,9,3,553.73,5,1,0.55,1.7,4.36,0,747.54,0.045
10637,29,57,4,1344.1,8,2,0.03,6.6,2.62,0,5215.11,0.0296
10638,32,19,3,610.75,11,0,0.029,0.7,4.79,0,1779.11,0.0422
10639,56,14,6,1136.53,10,0,0.394,2.5,3.9,1,4132.42,0.0519
10640,63,34,4,879.61,7,3,0.198,4.5,3.08,1,2821.79,0.0329
10641,50,26,6,744.97,17,1,0.067,3.5,3.36,1,4170.34,0.0493
10642,61,6,6,838.79,14,1,0.12,3.8,3.27,1,4428.81,0.0345
10643,59,49,7,524.73,15,1,0.312,3.7,3.62,0,2527.1,0.0489
10644,41,51,3,846.56,11,0,0.061,2.4,4.84,1,2384.76,0.0348
10645,54,45,4,579.31,11,0,0.166,1.1,4.11,0,1932.58,0.0525
10646,33,38,1,751.14,16,3,0.106,3.1,2.75,1,671.52,0.0246
10647,40,25,1,1081.32,7,2,0.076,1.7,4.26,0,999.14,0.0399
10648,43,33,4,913.55,7,3,0.096,1.6,3.51,1,3303.4,0.0406
10649,64,32,4,479.46,9,0,0.242,4.9,4.08,0,1453.72,0.0353
10650,58,10,3,1062.87,10,2,0.142,1.8,3.89,0,2735.83,0.0408
10651,41,5,8,848.23,5,1,0.281,5.3,3.42,0,4879.02,0.0444
10652,49,16,3,714.45,5,1,0.312,2.8,4.53,0,1474.62,0.0487
10653,27,28,5,1036.67,7,0,0.233,2.1,4.5,0,3975.63,0.0531
10654,56,10,4,808.2,10,1,0.209,0.0,3.94,0,2557.14,0.0443
10655,44,7,7,558.58,15,1,0.218,6.0,2.93,1,3057.67,0.0486
10656,43,52,4,1311.95,8,0,0.104,2.4,3.37,1,4702.03,0.0437
10657,54,23,5,845.68,10,4,0.455,0.0,5.0,1,2304.48,0.0548
10658,48,36,6,829.65,11,1,0.217,4.1,3.37,1,3897.7,0.0449
10659,21,32,3,748.72,11,0,0.204,2.3,4.71,1,1787.94,0.0488
10660,31,45,8,1144.99,9,1,0.132,0.8,4.12,1,7950.81,0.0554
10661,26,45,5,718.78,4,3,0.413,4.0,3.09,0,2109.62,0.0373
10662,53,18,6,463.76,9,1,0.145,0.0,4.51,0,2379.09,0.0633
10663,19,51,6,680.33,7,2,0.309,1.2,4.04,0,2820.65,0.0626
10664,27,23,2,1181.69,9,1,0.264,1.9,4.52,0,1739.45,0.0313
10665,46,51,4,1058.03,14,2,0.248,3.8,4.08,1,3182.55,0.0506
10666,51,25,5,786.25,10,3,0.109,6.2,2.92,1,3502.74,0.0337
10667,42,7,4,1193.31,6,0,0.038,2.0,3.59,1,4591.86,0.0453
10668,59,46,5,1036.99,9,3,0.312,3.2,3.19,1,3567.25,0.0494
10669,62,2,5,783.35,12,2,0.538,7.1,2.09,1,1809.54,0.0109
10670,24,47,7,808.52,2,4,0.13,2.4,3.64,1,4923.89,0.0539
10671,63,3,4,932.33,12,2,0.116,3.2,3.82,1,3296.72,0.0505
10672,47,13,5,642.03,8,3,0.229,0.3,3.73,1,2475.03,0.0461
10673,48,37,3,851.13,8,2,0.228,5.7,2.81,0,1971.22,0.0207
10674,22,57,5,927.13,12,0,0.389,1.2,4.38,0,2832.38,0.0622
10675,47,25,3,428.26,11,3,0.082,2.9,3.49,0,1179.43,0.0282
10676,52,8,1,802.67,8,0,0.134,2.8,4.0,1,695.11,0.0362
10677,45,14,6,774.24,7,1,0.15,2.5,3.88,0,3948.62,0.0548
10678,22,54,6,1107.02,11,0,0.033,1.7,4.41,0,6422.93,0.0558
10679,43,44,4,388.88,14,2,0.05,2.8,3.64,0,1477.74,0.0459
10680,62,7,5,754.62,14,2,0.12,5.4,3.21,0,3320.33,0.0354
10681,52,24,4,729.56,11,1,0.345,6.3,2.52,1,1911.45,0.0316
10682,24,16,5,1090.02,7,2,0.149,2.1,4.0,0,4638.04,0.0441
10683,64,11,9,839.11,12,2,0.334,1.6,4.15,1,5029.63,0.0529
10684,64,51,5,1299.02,4,1,0.21,1.0,4.24,0,5131.13,0.0522
10685,26,38,4,1015.55,8,2,0.33,7.0,4.0,1,2721.67,0.0271
10686,56,11,8,747.44,13,0,0.008,2.6,4.21,1,5931.68,0.0569
10687,37,40,7,909.91,6,0,0.066,4.3,3.76,1,5948.99,0.031
10688,46,25,4,761.48,11,1,0.304,3.6,4.08,0,2119.96,0.0458
10689,39,4,5,1064.85,16,0,0.189,6.2,4.43,1,4317.97,0.0454
10690,55,27,5,516.95,6,2,0.249,2.0,4.15,0,1941.15,0.0446
10691,65,12,4,644.08,8,1,0.201,0.5,3.41,1,2058.48,0.0384
10692,56,15,3,963.92,12,2,0.25,5.6,3.59,0,2168.82,0.0315
10693,62,53,4,1156.44,13,2,0.277,3.9,3.3,0,3344.42,0.0422
10694,63,43,1,299.51,10,0,0.227,3.2,3.16,1,231.52,0.03
10695,22,9,3,1193.62,10,0,0.082,5.0,4.46,1,3287.23,0.0337
10696,30,52,8,814.97,6,1,0.05,3.3,4.57,0,6193.77,0.0548
10697,52,35,5,379.03,8,1,0.056,5.1,3.17,0,1789.02,0.0389
10698,46,53,6,250.0,15,2,0.299,2.8,3.49,0,1051.5,0.047
10699,20,45,6,467.65,10,0,0.324,3.9,3.97,0,1896.79,0.0405
10700,22,21,3,845.07,5,1,0.324,3.3,3.51,1,1713.8,0.039
10701,42,33,4,833.53,8,0,0.108,1.8,4.22,1,2974.04,0.0535
10702,47,32,2,1008.3,8,4,0.299,2.1,3.5,1,1413.64,0.0402
10703,26,44,7,712.63,10,1,0.532,1.7,4.01,1,2334.58,0.0551
10704,26,15,6,572.99,16,4,0.398,2.9,3.05,0,2069.64,0.0527
10705,24,20,7,746.73,9,2,0.096,1.6,4.48,1,4725.31,0.0566
10706,45,15,6,858.4,7,2,0.119,3.1,4.38,1,4537.5,0.0454
10707,18,18,3,907.69,9,3,0.123,3.1,3.7,1,2388.13,0.0346
10708,45,10,4,652.71,7,0,0.065,2.7,4.1,0,2441.14,0.0466
10709,40,3,6,1075.36,15,1,0.168,2.8,4.28,1,5368.2,0.0418
10710,40,57,4,694.65,7,0,0.137,1.4,4.35,0,2397.93,0.0477
10711,50,5,3,632.57,5,1,0.114,1.9,4.94,1,1681.37,0.0523
10712,43,54,5,714.4,5,0,0.55,0.0,4.01,1,1607.4,0.0596
10713,52,1,6,1118.71,10,3,0.182,2.2,4.29,0,5490.63,0.0424
10714,54,47,3,816.8,12,3,0.477,0.7,4.12,0,1281.56,0.0475
10715,62,20,5,676.37,5,0,0.14,2.6,3.63,0,2908.39,0.0447
10716,56,32,2,1081.53,5,2,0.213,1.2,5.0,1,1702.33,0.048
10717,42,17,5,1385.69,11,1,0.262,0.0,5.0,0,5113.2,0.0594
10718,41,30,8,902.42,7,5,0.167,6.2,2.89,0,6013.73,0.0381
10719,29,28,7,1158.46,3,0,0.106,2.0,4.44,0,7249.64,0.0629
10720,46,32,6,1109.02,13,2,0.092,4.9,3.31,1,6041.94,0.0479
10721,24,24,1,698.59,11,0,0.087,1.5,4.19,0,637.81,0.0503
10722,62,33,2,856.66,7,2,0.434,5.3,2.94,1,969.74,0.0272
10723,58,50,3,529.36,9,2,0.103,0.4,3.75,0,1424.51,0.0429
10724,23,27,9,798.76,7,0,0.442,2.7,4.94,1,4011.37,0.0531
10725,55,22,5,693.45,10,1,0.265,0.5,4.39,0,2548.43,0.0507
10726,23,8,4,749.28,9,3,0.248,6.8,3.1,0,2253.83,0.0356
10727,52,22,6,662.53,6,2,0.097,2.0,3.68,0,3589.59,0.0536
10728,22,8,3,778.23,7,0,0.123,3.8,4.0,1,2047.52,0.0441
10729,41,11,7,983.06,11,1,0.139,3.2,3.25,1,5924.9,0.0411
10730,49,58,4,820.13,7,2,0.268,2.4,3.62,0,2401.34,0.0393
10731,52,6,6,383.91,15,0,0.275,3.3,3.47,1,1670.01,0.0563
10732,38,29,5,663.47,12,0,0.022,4.7,4.34,1,3244.37,0.0401
10733,62,51,8,470.15,9,2,0.116,3.5,3.03,0,3324.9,0.053
10734,55,58,3,911.02,8,2,0.129,2.7,3.38,0,2380.5,0.0409
10735,27,9,3,975.83,10,0,0.141,3.3,3.08,1,2514.71,0.0311
10736,50,10,5,914.14,14,0,0.325,5.7,3.17,0,3085.22,0.029
10737,53,23,3,653.15,5,0,0.135,1.7,4.09,0,1694.92,0.0406
10738,34,34,5,911.71,9,0,0.05,0.0,5.0,0,4330.62,0.061
10739,53,58,5,732.47,17,1,0.31,0.5,4.31,0,2527.02,0.0479
10740,61,13,6,565.44,7,0,0.191,0.7,4.29,0,2744.65,0.064
10741,57,10,3,1035.48,10,0,0.394,0.9,4.57,0,1882.5,0.048
10742,54,16,6,1054.51,10,0,0.247,1.0,4.22,1,4764.28,0.0579
10743,48,53,5,1087.22,13,0,0.171,2.4,5.0,1,4506.53,0.0574
10744,30,2,5,697.91,11,0,0.102,2.8,3.83,1,3133.62,0.0556
10745,56,23,7,1144.84,8,0,0.364,2.8,4.28,0,5096.83,0.0494
10746,35,8,5,726.6,9,0,0.265,1.2,4.76,0,2670.26,0.0553
10747,43,10,6,1013.38,9,2,0.16,4.1,3.38,0,5107.44,0.034
10748,33,56,6,722.27,8,1,0.213,3.3,3.98,1,3410.56,0.0482
10749,33,1,3,794.0,9,1,0.02,5.1,3.36,1,2334.36,0.0404
10750,25,20,9,250.0,8,3,0.13,3.8,3.74,0,1957.5,0.0508
10751,64,55,3,774.52,9,1,0.257,1.8,4.22,0,1726.41,0.0592
10752,25,37,5,872.77,9,1,0.213,4.6,3.61,0,3434.35,0.0441
10753,22,5,7,747.49,7,1,0.203,2.9,3.46,0,4170.25,0.0437
10754,62,28,5,1289.05,8,1,0.248,3.8,4.65,1,4846.83,0.0515
10755,44,59,5,559.38,10,1,0.281,3.6,4.12,0,2010.97,0.0372
10756,39,25,8,709.1,10,1,0.216,2.2,3.39,1,4447.48,0.0445
10757,53,32,5,623.78,10,0,0.205,2.6,3.94,1,2479.53,0.0396
10758,36,32,4,709.06,11,2,0.169,2.2,3.3,0,2356.92,0.0418
10759,24,40,4,1107.85,12,2,0.129,0.9,4.58,0,3859.75,0.0516
10760,53,12,3,1219.51,6,0,0.346,0.0,4.59,0,2392.68,0.0584
10761,26,51,4,674.8,7,1,0.147,1.2,4.29,1,2302.42,0.0491
10762,44,60,6,669.25,4,0,0.099,2.7,3.73,0,3617.97,0.0413
10763,63,9,5,560.72,8,1,0.116,4.2,3.6,1,2478.38,0.0511
10764,62,50,4,1176.57,11,0,0.093,3.8,4.27,0,4268.6,0.0267
10765,35,50,3,1130.25,9,2,0.204,1.9,4.53,0,2699.04,0.0472
10766,55,45,6,823.5,6,1,0.101,1.2,4.66,1,4441.96,0.0572
10767,47,23,5,500.98,11,2,0.175,2.1,3.32,1,2066.54,0.0442
10768,41,29,3,523.33,7,1,0.396,0.7,4.29,1,948.27,0.051
10769,24,51,6,892.66,7,1,0.232,0.0,4.61,1,4113.38,0.0587
10770,36,10,4,987.33,6,0,0.193,0.0,4.27,0,3187.1,0.0549
10771,49,50,6,333.46,6,1,0.052,4.7,2.91,1,1896.72,0.0348
10772,65,56,8,769.67,10,0,0.201,5.6,3.01,0,4919.73,0.0315
10773,18,41,2,1254.57,7,1,0.012,3.7,4.51,1,2479.03,0.0396
10774,52,21,4,795.62,14,2,0.303,2.3,3.45,0,2218.19,0.0363
10775,58,34,6,1222.41,7,1,0.034,0.0,4.52,0,7085.09,0.0531
10776,63,4,4,1012.26,9,0,0.039,2.1,4.15,1,3891.13,0.054
10777,38,56,6,578.93,8,4,0.205,3.4,3.52,0,2761.5,0.054
10778,23,21,5,776.83,11,1,0.185,3.8,3.67,1,3165.58,0.0498
10779,31,4,4,817.83,9,2,0.304,3.6,4.11,0,2276.84,0.0495
10780,58,48,3,611.87,5,5,0.313,4.5,3.31,1,1261.06,0.0349
10781,60,40,5,607.53,6,2,0.069,5.7,3.09,1,2828.05,0.0417
10782,48,38,4,1226.69,11,0,0.173,1.7,4.32,1,4057.89,0.051
10783,23,4,6,605.66,13,3,0.152,7.2,2.43,1,3081.6,0.0422
10784,23,46,5,1119.61,10,0,0.397,0.0,4.81,1,3375.62,0.0519
10785,40,39,4,740.88,8,1,0.216,1.1,4.0,1,2323.4,0.0521
10786,46,48,6,843.59,9,1,0.146,2.7,3.73,1,4322.56,0.0397
10787,19,50,9,990.46,6,2,0.171,3.3,4.04,0,7389.82,0.0563
10788,50,13,2,700.36,6,1,0.024,2.1,3.94,0,1367.1,0.0293
10789,44,13,4,991.98,10,2,0.388,1.6,3.95,0,2428.37,0.0395
10790,18,56,7,338.39,11,1,0.467,6.1,3.93,1,1262.53,0.0356
10791,22,32,5,959.93,8,0,0.421,1.5,3.89,1,2779.0,0.0504
10792,39,27,6,250.0,7,2,0.072,0.7,4.5,0,1392.0,0.0581
10793,52,18,6,793.29,11,2,0.266,5.3,3.87,1,3493.65,0.0577
10794,57,39,5,1063.56,8,0,0.314,3.8,4.44,1,3648.01,0.047
10795,38,46,2,1005.57,14,1,0.31,4.3,4.71,0,1387.69,0.0445
10796,32,1,9,525.4,10,4,0.112,2.7,3.43,1,4199.0,0.0508
10797,64,34,4,557.58,3,1,0.188,0.1,4.09,0,1811.02,0.0548
10798,40,60,3,677.83,10,1,0.152,2.5,4.42,1,1724.4,0.046
10799,33,17,1,896.55,7,1,0.253,0.0,4.92,1,669.72,0.0514
10800,39,17,7,342.02,4,0,0.269,2.8,3.74,1,1750.12,0.0425
10801,18,53,6,846.69,5,1,0.116,3.5,4.09,0,4490.84,0.0332
10802,32,4,5,927.86,7,2,0.08,4.2,4.87,1,4268.16,0.0518
10803,42,24,2,779.24,8,3,0.248,2.2,3.95,1,1171.98,0.0287
10804,62,28,2,981.33,7,1,0.023,3.7,4.25,0,1917.52,0.0462
10805,53,48,5,905.93,8,3,0.337,0.9,4.85,0,3003.16,0.0525
10806,55,8,4,714.59,12,0,0.316,4.0,5.0,0,1955.12,0.0421
10807,44,27,6,365.95,5,3,0.36,3.5,3.78,1,1405.25,0.0622
10808,23,10,8,883.35,11,2,0.187,1.0,4.78,1,5745.31,0.0599
10809,36,48,3,611.73,15,1,0.17,3.3,3.55,1,1523.21,0.0371
10810,65,38,2,705.41,8,2,0.174,4.3,3.64,0,1165.34,0.0379
10811,20,30,3,969.78,8,0,0.195,2.5,3.95,1,2342.02,0.0472
10812,60,24,3,1204.33,9,2,0.133,1.0,3.37,1,3132.46,0.0487
10813,50,10,6,840.48,8,2,0.163,2.7,3.19,0,4220.89,0.0361
10814,31,56,3,988.52,7,3,0.381,3.3,3.9,0,1835.68,0.0437
10815,55,39,3,488.88,12,2,0.461,1.0,4.42,1,790.52,0.0464
10816,58,20,4,911.38,15,2,0.075,0.7,3.81,1,3372.11,0.0422
10817,20,25,5,835.02,9,2,0.073,3.3,4.51,1,3870.32,0.0492
10818,23,44,5,1157.31,10,1,0.541,3.8,3.32,0,2656.03,0.03
10819,49,44,4,714.89,8,2,0.119,6.1,3.42,0,2519.27,0.0402
10820,65,28,5,789.59,5,2,0.031,3.5,3.58,0,3825.56,0.0412
10821,19,19,3,1114.7,5,1,0.269,0.3,4.49,1,2444.54,0.0471
10822,49,40,3,826.99,7,0,0.136,5.9,3.94,1,2143.56,0.0346
10823,24,40,7,572.79,7,1,0.061,4.2,4.08,1,3764.95,0.047
10824,49,36,6,1487.91,11,2,0.198,0.0,4.72,0,7159.82,0.0655
10825,47,5,11,580.35,10,2,0.139,0.6,4.55,0,5496.49,0.0563
10826,22,29,7,833.82,10,1,0.222,1.6,3.64,1,4540.98,0.0483
10827,50,37,3,936.67,12,2,0.057,3.8,4.23,0,2649.84,0.0401
10828,61,58,5,916.9,9,1,0.42,0.0,4.02,0,2659.01,0.0462
10829,59,32,7,802.56,8,1,0.258,2.2,4.06,0,4168.5,0.0529
10830,19,21,5,803.81,15,0,0.171,3.7,3.78,1,3331.79,0.0394
10831,29,34,1,791.27,8,0,0.242,0.0,4.76,0,599.78,0.0355
10832,29,11,5,571.02,11,2,0.206,3.7,3.52,1,2266.95,0.0454
10833,39,6,5,1387.55,9,2,0.228,3.9,3.63,1,5355.94,0.0518
10834,24,41,2,795.0,8,0,0.18,1.0,5.0,1,1303.8,0.0485
10835,59,60,4,999.23,7,1,0.22,0.4,3.85,0,3117.6,0.048
10836,55,51,4,766.34,10,2,0.23,0.9,4.24,1,2360.33,0.0492
10837,56,36,5,761.31,5,1,0.051,0.0,4.0,1,3612.42,0.0494
10838,27,3,5,736.14,11,2,0.21,1.8,4.38,1,2907.75,0.0582
10839,18,60,7,462.54,4,1,0.238,2.8,3.67,0,2467.19,0.0489
10840,61,27,4,809.84,10,4,0.207,0.3,4.16,0,2568.81,0.0376
10841,31,18,10,748.25,6,2,0.139,4.1,3.07,0,6442.43,0.0532
10842,49,54,6,1142.88,11,3,0.313,2.6,4.41,1,4710.95,0.0573
10843,61,45,8,550.82,9,0,0.021,2.8,4.13,0,4314.02,0.0562
10844,19,45,3,705.71,9,1,0.161,1.7,4.26,0,1776.27,0.0293
10845,18,17,6,625.39,7,0,0.294,3.7,4.31,1,2649.15,0.0488
10846,18,60,6,1210.63,7,1,0.189,4.6,3.11,1,5890.93,0.0452
10847,25,28,3,632.65,9,2,0.044,1.7,3.82,0,1814.44,0.0454
10848,20,32,7,990.57,10,0,0.131,3.7,4.01,0,6025.64,0.0498
10849,57,46,5,1092.54,4,0,0.146,3.7,3.14,1,4665.15,0.0453
10850,47,40,4,813.47,17,1,0.228,3.1,3.2,1,2512.0,0.0401
10851,65,11,5,505.8,8,2,0.108,5.3,3.08,1,2255.87,0.0436
10852,56,19,5,508.96,17,1,0.156,1.2,3.77,0,2147.81,0.0497
10853,64,22,3,1064.94,9,0,0.158,1.7,4.14,0,2690.04,0.0456
10854,29,57,5,534.85,4,1,0.155,1.1,4.54,1,2259.74,0.0589
10855,31,43,2,948.01,6,0,0.15,3.6,4.29,0,1611.62,0.0363
10856,58,22,10,878.59,9,1,0.024,1.9,4.97,0,8575.04,0.0552
10857,29,45,4,944.28,6,4,0.022,1.2,3.97,0,3694.02,0.0478
10858,20,45,4,967.9,10,0,0.107,5.2,3.73,1,3457.34,0.0418
10859,50,24,8,616.58,11,2,0.191,5.5,3.4,0,3990.51,0.0483
10860,56,25,1,606.12,9,2,0.49,1.8,4.22,0,309.12,0.0426
10861,64,54,6,1028.73,9,0,0.265,0.1,4.76,0,4536.7,0.0583
10862,62,34,3,692.66,10,1,0.309,5.6,3.91,0,1435.88,0.0349
10863,23,9,3,250.0,7,4,0.056,3.2,4.04,0,708.0,0.0379
10864,55,44,5,1012.19,11,1,0.202,3.1,4.18,0,4038.64,0.0489
10865,58,36,4,590.93,5,0,0.18,2.6,4.81,0,1938.25,0.0401
10866,51,31,4,966.78,8,1,0.153,1.0,4.33,1,3275.45,0.0504
10867,57,44,5,1198.21,11,0,0.115,1.7,4.02,1,5302.08,0.0663
10868,58,55,1,854.19,7,3,0.232,3.6,3.45,1,656.02,0.0198
10869,39,20,6,1098.94,10,1,0.309,1.6,4.16,0,4556.21,0.0531
10870,19,26,5,888.45,8,0,0.061,3.1,3.55,1,4171.27,0.0459
10871,39,12,6,1246.86,4,2,0.367,2.4,3.69,1,4735.57,0.0507
10872,27,39,4,584.47,15,0,0.242,0.6,3.98,0,1772.11,0.0432
10873,23,25,5,847.95,9,1,0.141,5.2,3.72,1,3641.95,0.0435
10874,23,21,5,1018.29,7,0,0.08,3.4,4.15,0,4684.13,0.0434
10875,51,42,4,802.4,8,0,0.233,3.0,3.26,0,2461.76,0.0313
10876,42,25,3,1138.05,5,1,0.063,3.3,3.61,1,3199.06,0.0444
10877,43,28,5,741.99,10,3,0.219,0.0,5.0,0,2897.47,0.0625
10878,53,27,6,1367.34,9,1,0.273,1.6,4.5,1,5964.34,0.0484
10879,44,16,7,1380.55,12,1,0.014,0.0,4.7,1,9528.56,0.0569
10880,48,8,2,920.52,8,1,0.217,2.6,3.73,0,1441.53,0.0339
10881,22,50,8,988.15,12,1,0.032,3.0,4.09,1,7652.23,0.042
10882,58,6,4,1147.92,14,2,0.009,2.6,3.93,0,4550.35,0.0493
10883,39,20,5,553.2,7,1,0.154,4.4,3.35,0,2340.04,0.0446
10884,25,41,5,522.0,10,1,0.161,0.0,4.28,0,2189.79,0.0522
10885,57,8,2,1164.1,6,2,0.161,1.0,4.01,1,1953.36,0.0421
10886,53,40,5,918.5,8,3,0.23,3.1,3.07,1,3536.22,0.0414
10887,20,44,3,793.37,11,1,0.39,2.8,3.4,0,1451.87,0.0399
10888,27,40,4,852.78,6,1,0.372,0.2,4.37,1,2142.18,0.044
10889,18,19,10,253.49,9,3,0.138,4.4,3.13,0,2185.08,0.0487
10890,30,2,6,802.36,8,0,0.116,5.0,3.56,1,4255.72,0.0347
10891,22,54,2,661.74,11,3,0.12,3.1,3.02,0,1164.66,0.0362
10892,52,20,8,1079.52,12,0,0.074,0.0,4.96,1,7997.08,0.0567
10893,43,49,5,1098.76,15,2,0.187,2.7,4.85,0,4466.46,0.0444
10894,65,12,4,994.17,4,1,0.363,3.0,4.42,1,2533.15,0.0467
10895,53,10,6,948.86,12,0,0.321,1.9,4.77,1,3865.66,0.0549
10896,47,47,4,475.66,7,0,0.145,4.7,4.04,0,1626.76,0.0418
10897,42,57,4,997.66,11,2,0.102,2.2,4.12,0,3583.59,0.0413
10898,20,52,5,1007.35,7,2,0.155,6.0,3.36,1,4256.05,0.0379
10899,21,46,4,1161.3,13,0,0.21,3.7,3.52,0,3669.71,0.0418
10900,47,15,4,1379.55,12,0,0.229,2.9,4.39,0,4254.53,0.0538
10901,18,55,3,426.86,10,0,0.199,4.0,4.16,0,1025.74,0.0417
10902,20,41,7,752.88,8,2,0.159,5.0,3.29,1,4432.2,0.0381
10903,28,11,6,664.43,8,1,0.187,3.9,4.03,0,3241.09,0.0386
10904,60,8,5,893.13,9,0,0.485,2.3,3.87,0,2299.81,0.0379
10905,40,53,3,853.35,3,1,0.51,1.3,3.98,1,1254.42,0.0469
10906,52,17,3,791.48,10,0,0.157,0.5,4.86,1,2001.65,0.0566
10907,37,46,8,1106.9,11,1,0.13,0.0,4.69,0,7704.02,0.0562
10908,26,9,7,574.65,9,1,0.136,2.7,3.91,0,3475.48,0.0515
10909,35,17,5,589.72,10,1,0.397,1.7,4.04,0,1778.01,0.0483
10910,22,18,1,593.94,8,2,0.271,1.8,4.15,1,432.98,0.0409
10911,54,17,2,759.92,5,1,0.062,4.1,2.94,1,1425.61,0.0348
10912,26,41,6,542.85,11,1,0.274,2.2,3.76,1,2364.65,0.0349
10913,36,55,6,837.86,9,3,0.369,5.6,2.72,0,3172.14,0.0417
10914,65,55,3,808.63,6,1,0.308,1.4,4.25,0,1678.72,0.0478
10915,46,45,6,653.37,13,2,0.09,0.7,4.76,0,3567.4,0.0543
10916,40,13,7,1068.44,6,1,0.226,0.3,4.66,0,5788.81,0.0563
10917,44,58,4,835.12,3,0,0.132,3.6,3.72,0,2899.54,0.0416
10918,55,33,3,1115.66,4,1,0.137,4.4,3.39,0,2888.44,0.0322
10919,30,33,8,801.24,11,1,0.12,1.4,3.91,0,5640.73,0.0484
10920,48,43,9,843.95,12,1,0.033,0.6,5.0,1,7344.9,0.0592
10921,59,47,6,709.3,8,0,0.19,5.0,3.73,0,3447.2,0.0365
10922,45,58,5,848.24,14,1,0.164,0.0,4.59,0,3545.64,0.0641
10923,39,35,5,1028.06,11,1,0.196,4.1,2.81,0,4132.8,0.0375
10924,24,37,3,747.17,10,1,0.26,1.4,3.72,0,1658.72,0.0567
10925,29,45,2,979.6,6,2,0.331,3.1,3.82,0,1310.7,0.0391
10926,63,16,8,646.81,9,1,0.034,4.2,3.52,1,4998.55,0.0496
10927,43,19,6,1039.76,8,1,0.073,3.2,3.98,0,5783.15,0.0415
10928,32,38,3,705.02,11,0,0.099,1.9,4.31,1,1905.67,0.0444
10929,38,4,7,1062.92,14,2,0.367,4.8,3.81,1,4709.8,0.0456
10930,45,20,8,865.24,10,2,0.302,2.9,3.04,0,4831.5,0.042
10931,43,44,6,1230.24,10,1,0.19,8.7,2.44,0,5978.97,0.0248
10932,51,59,7,561.48,11,2,0.185,0.0,4.36,0,3203.24,0.0606
10933,30,32,5,480.96,4,2,0.032,0.0,4.11,0,2327.85,0.0558
10934,49,24,5,695.95,7,0,0.276,4.1,3.72,1,2519.34,0.0346
10935,39,27,4,503.85,12,0,0.177,2.3,4.24,1,1658.67,0.0489
10936,63,42,6,504.32,11,2,0.069,3.7,3.4,0,2817.13,0.0467
10937,25,33,6,1005.39,11,0,0.13,0.5,4.6,0,5248.14,0.0534
10938,25,2,4,848.96,8,1,0.062,2.5,4.29,1,3185.3,0.0429
10939,40,33,5,730.08,13,0,0.258,3.2,4.05,0,2708.6,0.049
10940,42,25,7,753.26,7,1,0.139,1.5,4.55,0,4539.9,0.0408
10941,51,43,5,700.69,10,2,0.22,2.8,2.92,1,2732.69,0.0404
10942,37,53,2,1262.59,9,1,0.33,0.1,4.22,1,1691.87,0.0551
10943,61,58,7,666.12,7,2,0.086,3.1,4.24,0,4261.84,0.0356
10944,40,37,7,519.47,7,2,0.036,4.9,3.13,1,3505.38,0.0459
10945,24,22,4,1049.01,8,2,0.04,0.3,3.9,0,4028.2,0.0524
10946,23,27,3,796.06,8,2,0.198,0.2,4.31,0,1915.32,0.0405
10947,64,11,5,1359.69,11,2,0.354,4.4,3.6,0,4391.8,0.0444
10948,24,57,5,718.45,6,0,0.239,0.2,4.32,1,2733.7,0.06
10949,63,51,4,1061.5,10,2,0.117,3.8,4.55,1,3749.22,0.039
10950,31,52,5,1120.55,11,2,0.158,2.5,4.08,0,4717.52,0.0437
10951,22,20,5,719.67,16,1,0.039,1.7,3.79,1,3458.01,0.048
10952,32,20,3,664.27,11,5,0.113,4.9,2.57,0,1767.62,0.0351
10953,47,52,7,1035.34,7,1,0.399,4.0,3.96,0,4355.68,0.0445
10954,38,33,4,993.72,9,1,0.16,2.9,3.56,1,3338.9,0.0416
10955,55,43,7,497.35,8,3,0.227,0.0,5.0,1,2691.16,0.058
10956,47,30,1,567.89,8,2,0.466,3.6,3.94,0,303.25,0.0319
10957,37,27,5,250.0,9,0,0.089,0.6,4.74,0,1138.75,0.062
10958,48,38,5,998.85,8,0,0.236,2.0,4.35,0,3815.61,0.0512
10959,64,49,4,784.54,7,2,0.159,2.4,4.47,1,2639.19,0.0462
10960,37,21,7,809.46,6,0,0.118,5.6,2.51,1,4997.61,0.0356
10961,25,49,3,427.14,9,0,0.094,2.0,3.7,1,1160.97,0.037
10962,37,15,3,575.47,6,2,0.258,0.0,4.87,0,1281.0,0.0469
10963,58,25,5,730.51,7,0,0.036,4.9,4.39,1,3521.06,0.0523
10964,28,55,4,681.92,11,0,0.049,3.6,3.4,1,2594.02,0.0493
10965,63,58,3,879.46,7,3,0.077,3.7,2.82,1,2435.22,0.0224
10966,46,56,4,995.87,5,1,0.253,4.9,3.69,0,2975.66,0.0421
10967,46,19,6,1417.4,9,1,0.125,5.3,3.76,0,7441.35,0.0475
10968,33,51,5,845.0,11,2,0.095,0.9,4.3,1,3823.62,0.0452
10969,62,57,5,1128.85,14,1,0.317,0.0,4.47,0,3855.02,0.0525
10970,19,59,6,642.51,10,1,0.044,3.8,2.98,0,3685.44,0.0372
10971,32,2,5,431.26,12,1,0.4,2.0,3.97,0,1293.78,0.0597
10972,38,45,10,761.92,9,2,0.181,2.1,3.92,0,6240.12,0.065
10973,40,60,3,450.57,5,1,0.133,0.5,4.16,1,1171.93,0.0421
10974,40,46,8,853.67,9,0,0.047,3.4,3.12,1,6508.38,0.0365
10975,25,14,3,654.89,13,1,0.165,3.1,4.21,1,1640.5,0.0473
10976,28,46,7,361.43,8,3,0.066,2.1,4.31,0,2363.03,0.0569
10977,22,7,5,1284.01,9,1,0.311,0.0,4.14,0,4423.41,0.0608
10978,45,29,5,715.61,7,0,0.225,4.5,3.71,1,2772.99,0.0354
10979,34,38,3,440.6,9,0,0.398,2.8,3.87,1,795.72,0.0456
10980,45,28,5,1074.54,9,1,0.083,4.3,3.51,0,4926.77,0.0366
10981,46,42,1,667.85,12,0,0.175,0.0,4.82,1,550.98,0.048
10982,51,15,6,1122.54,11,1,0.441,2.5,4.28,0,3765.0,0.0508
10983,44,37,6,666.65,9,0,0.072,1.2,4.87,1,3711.91,0.0686
10984,49,39,2,714.78,7,2,0.05,2.5,4.42,1,1358.08,0.0444
10985,46,39,6,936.21,11,1,0.124,4.0,3.7,0,4920.72,0.0427
10986,49,18,4,998.3,9,0,0.196,3.0,5.0,1,3210.53,0.0511
10987,47,19,4,1042.12,7,2,0.228,2.4,4.67,1,3218.07,0.0489
10988,33,16,3,827.56,6,3,0.138,2.4,3.57,1,2140.07,0.0333
10989,29,28,5,982.15,4,2,0.239,0.0,4.46,1,3737.08,0.0668
10990,55,36,3,1036.41,10,2,0.211,0.9,3.34,1,2453.18,0.0515
10991,34,22,3,900.14,6,3,0.104,4.3,3.54,1,2419.58,0.0352
10992,44,25,4,814.34,13,1,0.052,1.5,4.98,0,3087.98,0.0574
10993,27,18,3,488.68,9,1,0.252,4.3,4.98,0,1096.6,0.0572
10994,38,14,5,999.79,8,2,0.221,3.8,3.66,1,3894.18,0.0503
10995,43,40,4,860.54,8,2,0.348,3.9,3.85,1,2244.29,0.0398
10996,48,49,8,746.6,7,0,0.223,3.0,4.33,1,4640.87,0.0528
10997,43,18,4,1169.44,5,2,0.083,1.7,4.98,1,4289.51,0.0425
10998,35,52,6,493.04,12,0,0.275,2.1,3.78,0,2144.72,0.0535
10999,64,35,2,1261.01,6,0,0.035,3.5,5.0,0,2433.75,0.0506
11000,42,11,3,844.43,17,1,0.417,0.0,4.36,0,1476.91,0.0573
11001,56,22,3,929.38,9,1,0.233,4.5,3.16,1,2138.5,0.0378
11002,53,1,2,751.24,6,3,0.218,1.5,3.89,0,1174.94,0.0426
11003,44,3,3,433.23,13,2,0.034,2.3,3.62,0,1255.5,0.0348
11004,60,21,5,815.1,6,0,0.286,2.3,4.37,0,2909.91,0.052
11005,24,28,4,933.69,9,0,0.396,2.3,3.44,0,2255.8,0.0386
11006,62,48,3,1019.06,7,2,0.198,0.2,4.43,0,2451.86,0.053
11007,58,9,10,800.49,7,4,0.267,2.7,4.01,1,5867.59,0.0499
11008,42,51,3,301.87,10,0,0.028,3.4,4.66,0,880.25,0.0479
11009,53,15,3,464.58,9,1,0.405,0.0,4.81,1,829.28,0.0604
11010,42,9,9,1363.0,9,1,0.234,0.2,5.0,0,9396.52,0.0665
11011,30,42,6,576.87,12,0,0.09,3.9,3.63,0,3149.71,0.0463
11012,56,47,6,1206.76,6,3,0.076,3.6,3.83,1,6690.28,0.0516
11013,29,37,3,616.48,11,1,0.122,2.9,2.97,0,1623.81,0.0463
11014,33,7,5,804.39,9,1,0.264,1.2,4.23,0,2960.16,0.0508
11015,42,7,5,1006.3,9,1,0.115,3.6,4.03,0,4452.88,0.0486
11016,58,24,3,644.95,7,1,0.17,0.4,4.64,0,1605.93,0.0597
11017,36,28,6,1248.05,11,1,0.241,2.2,3.4,1,5683.62,0.0504
11018,41,60,3,868.93,11,2,0.185,0.2,4.19,1,2124.53,0.0364
11019,19,18,4,965.21,7,0,0.145,2.1,4.11,0,3301.02,0.0425
11020,23,12,4,783.1,6,2,0.493,0.6,4.1,1,1588.13,0.0542
11021,20,57,4,1014.68,10,1,0.312,3.7,4.16,1,2792.4,0.0415
11022,21,10,5,1244.7,9,1,0.43,3.1,3.84,1,3547.4,0.054
11023,59,2,4,817.18,10,3,0.042,1.4,4.09,1,3131.43,0.0592
11024,58,26,6,1282.43,9,0,0.05,4.3,3.61,1,7309.85,0.0399
11025,57,25,4,697.1,7,1,0.292,0.8,4.84,0,1974.19,0.0476
11026,20,38,6,1041.02,7,2,0.175,2.3,4.5,1,5153.05,0.0506
11027,21,53,3,972.28,10,1,0.441,1.4,4.11,1,1630.51,0.043
11028,31,56,6,582.85,16,1,0.145,3.7,5.0,1,2990.02,0.0622
11029,45,18,6,903.45,11,0,0.161,3.5,3.63,1,4547.97,0.0389
11030,34,59,3,851.84,7,1,0.186,4.6,4.13,1,2080.19,0.0437
11031,41,38,3,636.7,7,4,0.188,2.5,3.32,1,1551.0,0.0469
11032,26,5,5,939.5,8,0,0.306,0.0,4.95,1,3260.06,0.0631
11033,53,57,2,886.57,13,2,0.55,1.7,4.41,0,797.91,0.0459
11034,33,9,4,831.85,8,1,0.136,5.1,3.13,1,2874.87,0.0339
11035,21,36,3,832.86,12,5,0.152,1.8,3.72,0,2118.8,0.0534
11036,53,48,5,827.5,9,1,0.03,0.0,5.0,0,4013.38,0.057
11037,61,15,4,758.08,10,4,0.079,3.2,3.26,1,2792.77,0.0452
11038,18,17,9,884.96,10,1,0.047,3.3,4.09,0,7590.3,0.0516
11039,38,29,7,689.02,10,1,0.225,1.2,4.43,1,3737.93,0.0451
11040,57,54,4,1514.2,12,1,0.257,2.0,4.12,0,4500.2,0.0454
11041,51,14,8,497.67,8,0,0.043,1.0,3.64,1,3810.16,0.0523
11042,59,40,7,703.82,10,0,0.31,3.3,4.38,0,3399.45,0.0508
11043,37,28,5,723.56,8,1,0.205,2.5,4.06,0,2876.15,0.0439
11044,35,7,7,1360.12,9,0,0.543,0.4,5.0,0,4351.02,0.0649
11045,52,43,6,519.97,5,0,0.135,2.4,4.27,0,2698.64,0.0556
11046,25,50,10,956.48,11,0,0.215,1.2,4.41,0,7508.37,0.058
11047,29,35,8,912.1,13,0,0.163,4.9,3.89,0,6107.42,0.045
11048,46,11,7,933.4,11,2,0.12,3.9,3.25,1,5749.74,0.0373
11049,50,10,5,1159.09,8,1,0.55,2.2,4.81,1,2607.95,0.0545
11050,23,26,6,1153.96,11,2,0.235,2.5,3.78,0,5296.68,0.0563
11051,42,31,4,737.26,8,0,0.03,4.1,3.7,1,2860.57,0.0486
11052,35,34,8,898.5,7,1,0.122,2.1,4.7,0,6311.06,0.0538
11053,42,15,4,383.97,12,0,0.33,3.7,4.05,0,1029.04,0.0552
11054,64,31,4,874.77,6,2,0.105,4.9,3.41,1,3131.68,0.0348
11055,21,18,6,651.5,4,1,0.288,1.6,4.4,0,2783.21,0.0475
11056,65,42,2,803.4,10,1,0.051,5.2,3.85,1,1524.85,0.0247
11057,39,48,5,428.66,11,2,0.1,4.7,3.5,1,1928.97,0.0336
11058,55,40,3,951.22,14,3,0.205,2.8,4.21,0,2268.66,0.0453
11059,38,1,6,425.86,13,1,0.304,1.6,3.64,0,1778.39,0.0474
11060,32,60,6,887.07,9,1,0.175,2.8,4.11,1,4391.0,0.0456
11061,54,2,3,543.37,6,2,0.23,2.0,4.4,1,1255.18,0.041
11062,51,60,4,637.59,13,0,0.078,1.1,4.68,0,2351.43,0.0457
11063,24,2,4,1138.68,12,3,0.21,3.3,2.7,1,3598.23,0.0306
11064,51,31,6,996.98,14,0,0.207,0.7,4.42,0,4743.63,0.0616
11065,54,7,6,1137.3,5,1,0.145,1.8,3.63,0,5834.35,0.0594
11066,36,6,6,1239.93,8,0,0.367,1.8,4.85,1,4709.25,0.067
11067,62,42,7,656.79,10,2,0.079,0.1,4.21,0,4234.33,0.0611
11068,48,44,6,1224.74,8,1,0.037,3.5,4.4,0,7076.55,0.0468
11069,34,8,9,483.62,13,1,0.237,2.0,3.59,1,3321.02,0.0482
11070,18,59,2,1036.53,5,1,0.295,4.6,3.85,1,1461.51,0.0386
11071,50,20,6,726.67,10,1,0.153,2.0,4.14,0,3692.94,0.0497
11072,28,20,7,617.42,8,2,0.222,1.7,5.0,1,3362.47,0.061
11073,54,18,7,1003.62,8,2,0.451,0.9,4.77,0,3856.91,0.0704
11074,43,28,6,1086.24,13,3,0.119,2.5,4.35,1,5741.86,0.0528
11075,40,11,4,1078.82,14,1,0.053,2.5,4.96,1,4086.57,0.0647
11076,25,26,4,903.71,8,0,0.269,3.7,4.06,0,2642.45,0.0365
11077,52,13,4,882.99,10,1,0.11,2.5,4.01,0,3143.44,0.0481
11078,25,4,5,981.72,10,1,0.215,6.0,3.32,0,3853.25,0.0383
11079,38,23,4,925.94,9,0,0.24,3.2,4.17,1,2814.86,0.039
11080,58,41,5,985.34,6,2,0.274,0.7,3.03,1,3576.78,0.0501
11081,62,46,3,901.0,9,1,0.55,0.6,4.39,0,1216.35,0.058
11082,65,22,4,1060.7,12,0,0.216,3.3,4.11,1,3326.36,0.0576
11083,63,20,3,443.2,13,3,0.048,0.7,4.1,0,1265.78,0.0493
11084,44,48,7,817.18,11,2,0.548,3.4,3.1,0,2585.56,0.0324
11085,27,41,3,504.04,11,0,0.441,3.9,3.83,1,845.28,0.0417
11086,58,50,6,919.18,9,0,0.253,4.0,3.19,0,4119.76,0.0459
11087,56,55,4,1260.48,7,2,0.262,0.9,5.0,0,3720.94,0.0531
11088,65,50,5,731.48,5,0,0.085,4.0,3.76,1,3346.52,0.0444
11089,49,57,9,881.81,5,0,0.277,2.9,3.15,0,5737.94,0.0448
11090,24,25,10,1039.12,11,3,0.079,1.4,3.96,0,9570.3,0.0559
11091,42,24,4,333.07,4,0,0.183,2.1,4.62,0,1088.47,0.0559
11092,39,20,1,719.47,11,1,0.105,3.2,4.0,0,643.93,0.0413
11093,58,15,9,941.13,8,0,0.158,1.3,3.95,0,7131.88,0.0481
11094,36,45,3,250.0,9,2,0.247,2.9,3.57,1,564.75,0.0362
11095,33,43,2,605.8,12,3,0.041,4.9,3.29,0,1161.92,0.0206
11096,21,49,3,1125.21,7,0,0.277,4.0,3.68,1,2440.58,0.0487
11097,58,11,4,1100.75,8,1,0.061,2.5,3.48,0,4134.42,0.0474
11098,54,30,2,943.58,10,0,0.31,2.8,4.07,1,1302.14,0.027
11099,19,14,4,1070.55,9,0,0.204,1.5,3.73,1,3408.63,0.0453
11100,38,54,5,903.78,10,1,0.119,1.5,4.66,0,3981.15,0.0518
11101,41,17,4,988.85,4,3,0.058,0.0,4.78,0,3725.99,0.0505
11102,40,9,2,771.09,8,1,0.273,2.8,3.54,1,1121.16,0.042
11103,62,35,7,878.95,8,0,0.339,3.6,3.63,1,4066.9,0.0526
11104,25,53,5,691.91,11,2,0.12,2.3,3.8,0,3044.4,0.0483
11105,32,55,4,1165.87,10,1,0.189,0.9,4.32,1,3782.08,0.0466
11106,26,6,5,1230.39,3,1,0.128,2.5,4.17,0,5364.5,0.0447
11107,29,20,2,1194.98,6,0,0.55,4.7,3.96,1,1075.48,0.0348
11108,61,10,8,747.97,7,1,0.118,3.9,4.0,1,5277.68,0.0468
11109,63,19,7,611.56,8,1,0.185,2.3,4.79,0,3488.95,0.0561
11110,20,33,6,1169.24,8,0,0.368,5.9,3.57,1,4433.76,0.0433
11111,48,17,6,985.98,9,1,0.125,7.0,2.65,0,5176.4,0.023
11112,29,5,4,932.15,9,3,0.201,1.6,3.29,1,2979.15,0.0383
11113,27,31,7,691.59,10,4,0.193,2.0,4.58,0,3906.79,0.0552
11114,32,4,6,956.42,6,0,0.25,3.6,4.18,1,4303.89,0.0576
11115,27,14,6,578.68,9,3,0.152,0.8,4.25,0,2944.32,0.0593
11116,41,1,6,1008.52,11,1,0.5,3.8,4.02,1,3025.56,0.0468
11117,65,6,5,1194.72,7,0,0.211,2.6,4.2,1,4713.17,0.0509
11118,46,27,4,1257.76,11,1,0.125,3.0,4.15,1,4402.16,0.0446
11119,52,52,9,1027.13,10,0,0.078,1.4,4.18,0,8523.12,0.0634
11120,41,47,4,504.49,13,2,0.286,1.1,4.68,0,1440.82,0.0548
11121,18,6,2,899.33,10,0,0.224,0.0,4.36,0,1395.76,0.054
11122,22,3,7,1384.92,6,0,0.205,4.9,3.31,0,7707.08,0.0339
11123,30,21,2,632.85,12,2,0.297,4.0,2.92,0,889.79,0.0249
11124,29,40,6,835.2,13,4,0.2,3.5,3.46,0,4008.96,0.0458
11125,58,45,1,1203.38,8,2,0.151,3.0,4.43,1,1021.67,0.0389
11126,58,50,2,1004.28,9,1,0.126,0.0,4.29,1,1755.48,0.0603
11127,58,21,5,1470.04,13,2,0.299,1.1,3.58,1,5152.49,0.0369
11128,48,11,5,666.78,11,0,0.256,2.0,4.37,1,2480.42,0.0505
11129,44,2,5,602.56,6,1,0.081,0.6,4.1,0,2768.76,0.0514
11130,49,9,9,1156.03,11,0,0.255,0.0,5.0,0,7751.18,0.0661
11131,37,4,7,551.03,7,3,0.175,0.7,4.66,1,3182.2,0.0689
11132,50,52,6,800.81,3,3,0.153,2.5,3.28,1,4069.72,0.0503
11133,56,17,4,833.59,6,2,0.157,2.5,3.87,1,2810.87,0.0349
11134,54,50,8,1109.0,7,0,0.065,3.9,3.56,0,8295.32,0.0561
11135,47,34,5,1003.57,13,0,0.121,5.9,3.02,0,4410.69,0.0439
11136,20,33,7,964.27,7,2,0.194,3.6,3.73,1,5440.41,0.0487
11137,52,28,5,749.39,8,0,0.126,2.1,4.59,0,3274.83,0.0421
11138,35,50,3,1153.75,11,3,0.223,5.5,3.27,0,2689.39,0.0313
11139,53,3,4,1800.0,9,2,0.187,0.0,4.17,1,5853.6,0.0541
11140,43,6,5,1022.82,11,3,0.2,0.0,3.31,0,4091.28,0.0543
11141,60,26,3,874.92,14,3,0.256,0.9,3.84,1,1952.82,0.0343
11142,34,24,8,525.53,8,2,0.112,3.8,3.96,0,3733.37,0.0449
11143,62,33,2,690.63,6,1,0.096,2.7,3.41,1,1248.66,0.0418
11144,58,45,9,796.57,10,0,0.131,0.5,5.0,1,6229.97,0.0726
11145,33,36,4,716.35,11,2,0.085,1.2,3.92,1,2621.84,0.05
11146,41,16,5,845.98,8,2,0.292,0.3,4.43,0,2994.77,0.0614
11147,43,20,4,1294.5,11,2,0.353,0.3,4.17,0,3350.17,0.0535
11148,54,46,4,1161.79,7,0,0.068,5.0,3.17,0,4331.15,0.0411
11149,51,13,5,810.29,5,1,0.422,2.2,4.3,1,2341.74,0.0508
11150,58,31,7,547.93,9,0,0.308,5.4,3.36,0,2654.17,0.0442
11151,35,33,2,1184.34,7,2,0.184,0.9,3.86,0,1932.84,0.0342
11152,42,46,4,837.74,6,1,0.104,3.2,2.85,1,3002.46,0.0413
11153,38,43,8,418.37,12,3,0.156,2.8,4.38,0,2824.83,0.0465
11154,61,28,4,1028.11,4,0,0.198,3.9,3.9,0,3298.18,0.0462
11155,32,19,3,1106.42,6,3,0.082,2.8,4.29,1,3047.08,0.0411
11156,46,23,2,250.0,9,3,0.239,4.1,3.84,1,380.5,0.0372
11157,23,25,7,643.86,7,0,0.073,3.3,4.5,0,4178.01,0.0466
11158,58,14,12,822.39,6,2,0.163,0.5,4.06,1,8260.09,0.0581
11159,36,38,7,1033.63,13,1,0.409,3.6,3.23,0,4276.13,0.0463
11160,34,13,3,721.06,14,2,0.186,2.2,4.35,0,1760.83,0.0499
11161,45,39,8,641.96,7,0,0.095,1.1,4.46,0,4647.79,0.0645
11162,41,46,5,1031.79,9,1,0.292,3.6,3.64,1,3652.54,0.0362
11163,58,58,8,732.92,15,1,0.387,4.0,4.11,1,3594.24,0.041
11164,43,8,8,985.51,6,1,0.28,1.6,4.35,0,5676.54,0.0504
11165,42,46,6,572.12,6,0,0.159,1.8,4.56,0,2886.92,0.0477
11166,23,6,4,511.92,10,2,0.396,0.0,3.94,0,1236.8,0.0594
11167,19,21,6,1038.82,12,1,0.089,0.0,4.94,1,5678.19,0.068
11168,37,11,4,913.13,8,1,0.308,2.0,4.14,1,2527.54,0.0412
11169,65,10,8,1080.61,8,1,0.247,3.7,4.32,0,6509.59,0.0621
11170,62,11,4,716.85,6,1,0.124,1.4,4.68,1,2511.84,0.0593
11171,48,3,1,651.22,11,1,0.119,4.8,3.94,1,573.72,0.0196
11172,48,50,2,1190.18,10,0,0.053,2.1,4.17,0,2254.2,0.0348
11173,36,4,9,469.26,11,0,0.094,2.1,4.54,1,3826.35,0.0477
11174,26,24,8,1162.87,7,0,0.092,1.9,4.76,0,8447.09,0.0576
11175,18,42,1,1180.13,10,2,0.055,4.1,3.94,0,1115.22,0.0309
11176,34,60,4,1065.02,5,2,0.193,0.8,4.35,0,3437.88,0.0509
11177,33,52,5,678.05,7,1,0.137,2.2,4.42,0,2925.79,0.0385
11178,27,9,2,645.87,1,2,0.384,1.5,3.89,1,795.71,0.032
11179,30,60,5,797.49,8,4,0.23,1.4,4.63,0,3070.34,0.055
11180,19,40,6,526.24,9,2,0.241,2.5,3.19,1,2396.5,0.0482
11181,47,11,3,609.58,10,0,0.235,2.2,4.22,0,1398.99,0.0324
11182,62,27,3,1011.18,9,0,0.342,4.2,3.66,1,1996.07,0.0295
11183,51,56,6,1012.34,9,0,0.245,2.4,3.88,0,4585.9,0.055
11184,39,24,6,587.61,13,2,0.121,3.3,3.94,1,3099.06,0.04
11185,38,12,5,1019.03,10,1,0.254,2.7,3.51,0,3800.98,0.0441
11186,32,53,4,963.58,3,2,0.135,4.8,4.5,0,3333.99,0.0358
11187,24,58,4,1227.47,12,2,0.034,1.9,3.45,1,4742.94,0.0482
11188,46,59,2,992.28,9,2,0.078,1.9,3.63,0,1829.76,0.0261
11189,45,58,8,1114.65,8,1,0.193,3.7,3.36,0,7196.18,0.0443
11190,18,53,5,969.27,9,2,0.373,1.9,4.15,0,3038.66,0.0552
11191,37,28,7,1094.98,7,3,0.183,3.2,4.18,1,6262.19,0.0543
11192,31,12,5,528.22,6,1,0.346,6.4,3.58,1,1727.28,0.0344
11193,26,38,7,819.56,9,2,0.197,0.7,4.94,0,4606.75,0.056
11194,51,14,4,840.25,7,3,0.218,5.0,3.03,1,2628.3,0.0331
11195,43,29,4,789.06,5,2,0.149,1.6,4.41,1,2685.96,0.0418
11196,48,40,2,960.97,12,0,0.25,4.7,3.62,0,1441.46,0.0319
11197,52,57,4,1008.59,14,2,0.207,3.6,3.85,1,3199.25,0.0417
11198,65,18,9,948.06,11,1,0.076,3.4,4.39,1,7884.07,0.0517
11199,56,16,3,805.76,14,2,0.55,2.1,3.26,0,1087.78,0.045
11200,47,45,8,666.07,15,2,0.262,2.0,4.94,0,3932.48,0.0526
